REACTANT_1,REACTANT_2,PRODUCT_1,CATALYST,ACTIVITY
C=1(C=CC=CC=1)C=NC(C=2C=CC=CC=2)=O,C=1(S[H])C=CC=CC=1,C1(C(NC(C=2C=CC=CC=2)SC=3C=CC=CC=3)=O)=CC=CC=C1,O=P1(O)Oc2c(Br)cc3ccccc3c2-c2c(c(Br)cc3ccccc23)O1,0.42
C=1(C=CC=CC=1)C=NC(C=2C=CC=CC=2)=O,C1(S[H])CCCCC1,C1(C(SC2CCCCC2)NC(C3=CC=CC=C3)=O)=CC=CC=C1,O=P1(O)Oc2c(Br)cc3ccccc3c2-c2c(c(Br)cc3ccccc23)O1,0.37
C=1(C=CC=CC=1)C=NC(C=2C=CC=CC=2)=O,C(S[H])C,C1(C(NC(C2=CC=CC=C2)SCC)=O)=CC=CC=C1,O=P1(O)Oc2c(Br)cc3ccccc3c2-c2c(c(Br)cc3ccccc23)O1,0.39
C=1(C=CC=CC=1)C=NC(C=2C=CC=CC=2)=O,C1(=CC=C(C=C1)S[H])OC,C1(C(NC(C=2C=CC=CC=2)SC=3C=CC(OC)=CC=3)=O)=CC=CC=C1,O=P1(O)Oc2c(Br)cc3ccccc3c2-c2c(c(Br)cc3ccccc23)O1,0.56
C(C=1C=CC(=CC=1)C=NC(C2=CC=CC=C2)=O)(F)(F)F,C=1(S[H])C=CC=CC=1,C(C=1C=CC(C(SC2=CC=CC=C2)NC(C3=CC=CC=C3)=O)=CC=1)(F)(F)F,O=P1(O)Oc2c(Br)cc3ccccc3c2-c2c(c(Br)cc3ccccc23)O1,0.37
C(C=1C=CC(=CC=1)C=NC(C2=CC=CC=C2)=O)(F)(F)F,C1(S[H])CCCCC1,C(C1=CC=C(C(NC(C2=CC=CC=C2)=O)SC3CCCCC3)C=C1)(F)(F)F,O=P1(O)Oc2c(Br)cc3ccccc3c2-c2c(c(Br)cc3ccccc23)O1,-0.14
C(C=1C=CC(=CC=1)C=NC(C2=CC=CC=C2)=O)(F)(F)F,C(S[H])C,C(C=1C=CC(C(SCC)NC(C2=CC=CC=C2)=O)=CC=1)(F)(F)F,O=P1(O)Oc2c(Br)cc3ccccc3c2-c2c(c(Br)cc3ccccc23)O1,0.12
C(C=1C=CC(=CC=1)C=NC(C2=CC=CC=C2)=O)(F)(F)F,C1(=CC=C(C=C1)S[H])OC,C(C1=CC=C(C(NC(C2=CC=CC=C2)=O)SC3=CC=C(C=C3)OC)C=C1)(F)(F)F,O=P1(O)Oc2c(Br)cc3ccccc3c2-c2c(c(Br)cc3ccccc23)O1,0.26
C1(=CC=C(C=C1)C=NC(C2=CC=CC=C2)=O)OC,C=1(S[H])C=CC=CC=1,C=1(C(SC2=CC=CC=C2)NC(C3=CC=CC=C3)=O)C=CC(=CC=1)OC,O=P1(O)Oc2c(Br)cc3ccccc3c2-c2c(c(Br)cc3ccccc23)O1,0.17
C1(=CC=C(C=C1)C=NC(C2=CC=CC=C2)=O)OC,C1(S[H])CCCCC1,C1(=CC=C(C(NC(C2=CC=CC=C2)=O)SC3CCCCC3)C=C1)OC,O=P1(O)Oc2c(Br)cc3ccccc3c2-c2c(c(Br)cc3ccccc23)O1,-0.07
C1(=CC=C(C=C1)C=NC(C2=CC=CC=C2)=O)OC,C(S[H])C,C(C1=CC=CC=C1)(NC(C2=CC=C(OC)C=C2)SCC)=O,O=P1(O)Oc2c(Br)cc3ccccc3c2-c2c(c(Br)cc3ccccc23)O1,0.75
C1(=CC=C(C=C1)C=NC(C2=CC=CC=C2)=O)OC,C1(=CC=C(C=C1)S[H])OC,C1(=CC=C(C(SC2=CC=C(C=C2)OC)NC(C3=CC=CC=C3)=O)C=C1)OC,O=P1(O)Oc2c(Br)cc3ccccc3c2-c2c(c(Br)cc3ccccc23)O1,0.24
C(C=1C=CC=CC=1)(N=CC=2C3=C(C=CC=2)C=CC=C3)=O,C=1(S[H])C=CC=CC=1,C12=C(C(C(NC(C3=CC=CC=C3)=O)SC4=CC=CC=C4)=CC=C1)C=CC=C2,O=P1(O)Oc2c(Br)cc3ccccc3c2-c2c(c(Br)cc3ccccc23)O1,0.53
C(C=1C=CC=CC=1)(N=CC=2C3=C(C=CC=2)C=CC=C3)=O,C1(S[H])CCCCC1,C=1(C(NC(C2=CC=CC=C2)=O)SC3CCCCC3)C4=C(C=CC=1)C=CC=C4,O=P1(O)Oc2c(Br)cc3ccccc3c2-c2c(c(Br)cc3ccccc23)O1,-0.24
C(C=1C=CC=CC=1)(N=CC=2C3=C(C=CC=2)C=CC=C3)=O,C(S[H])C,C12=C(C(C(NC(C3=CC=CC=C3)=O)SCC)=CC=C1)C=CC=C2,O=P1(O)Oc2c(Br)cc3ccccc3c2-c2c(c(Br)cc3ccccc23)O1,0.02
C(C=1C=CC=CC=1)(N=CC=2C3=C(C=CC=2)C=CC=C3)=O,C1(=CC=C(C=C1)S[H])OC,C12=C(C(C(NC(C3=CC=CC=C3)=O)SC4=CC=C(OC)C=C4)=CC=C1)C=CC=C2,O=P1(O)Oc2c(Br)cc3ccccc3c2-c2c(c(Br)cc3ccccc23)O1,0.19
C=1(C=CC=CC=1)C=NC(C=2C=CC=CC=2)=O,C=1(S[H])C=CC=CC=1,C1(C(NC(C=2C=CC=CC=2)SC=3C=CC=CC=3)=O)=CC=CC=C1,CC(C)(C)c1ccc([Si](c2ccc(C(C)(C)C)cc2)(c2ccc(C(C)(C)C)cc2)c2cc3c(c4c2OP(=O)(O)Oc2c([Si](c5ccc(C(C)(C)C)cc5)(c5ccc(C(C)(C)C)cc5)c5ccc(C(C)(C)C)cc5)cc5c(c2-4)CCCC5)CCCC3)cc1,0.05
C=1(C=CC=CC=1)C=NC(C=2C=CC=CC=2)=O,C1(S[H])CCCCC1,C1(C(SC2CCCCC2)NC(C3=CC=CC=C3)=O)=CC=CC=C1,CC(C)(C)c1ccc([Si](c2ccc(C(C)(C)C)cc2)(c2ccc(C(C)(C)C)cc2)c2cc3c(c4c2OP(=O)(O)Oc2c([Si](c5ccc(C(C)(C)C)cc5)(c5ccc(C(C)(C)C)cc5)c5ccc(C(C)(C)C)cc5)cc5c(c2-4)CCCC5)CCCC3)cc1,0.0
C=1(C=CC=CC=1)C=NC(C=2C=CC=CC=2)=O,C(S[H])C,C1(C(NC(C2=CC=CC=C2)SCC)=O)=CC=CC=C1,CC(C)(C)c1ccc([Si](c2ccc(C(C)(C)C)cc2)(c2ccc(C(C)(C)C)cc2)c2cc3c(c4c2OP(=O)(O)Oc2c([Si](c5ccc(C(C)(C)C)cc5)(c5ccc(C(C)(C)C)cc5)c5ccc(C(C)(C)C)cc5)cc5c(c2-4)CCCC5)CCCC3)cc1,0.02
C=1(C=CC=CC=1)C=NC(C=2C=CC=CC=2)=O,C1(=CC=C(C=C1)S[H])OC,C1(C(NC(C=2C=CC=CC=2)SC=3C=CC(OC)=CC=3)=O)=CC=CC=C1,CC(C)(C)c1ccc([Si](c2ccc(C(C)(C)C)cc2)(c2ccc(C(C)(C)C)cc2)c2cc3c(c4c2OP(=O)(O)Oc2c([Si](c5ccc(C(C)(C)C)cc5)(c5ccc(C(C)(C)C)cc5)c5ccc(C(C)(C)C)cc5)cc5c(c2-4)CCCC5)CCCC3)cc1,0.12
C(C=1C=CC(=CC=1)C=NC(C2=CC=CC=C2)=O)(F)(F)F,C=1(S[H])C=CC=CC=1,C(C=1C=CC(C(SC2=CC=CC=C2)NC(C3=CC=CC=C3)=O)=CC=1)(F)(F)F,CC(C)(C)c1ccc([Si](c2ccc(C(C)(C)C)cc2)(c2ccc(C(C)(C)C)cc2)c2cc3c(c4c2OP(=O)(O)Oc2c([Si](c5ccc(C(C)(C)C)cc5)(c5ccc(C(C)(C)C)cc5)c5ccc(C(C)(C)C)cc5)cc5c(c2-4)CCCC5)CCCC3)cc1,-0.02
C(C=1C=CC(=CC=1)C=NC(C2=CC=CC=C2)=O)(F)(F)F,C1(S[H])CCCCC1,C(C1=CC=C(C(NC(C2=CC=CC=C2)=O)SC3CCCCC3)C=C1)(F)(F)F,CC(C)(C)c1ccc([Si](c2ccc(C(C)(C)C)cc2)(c2ccc(C(C)(C)C)cc2)c2cc3c(c4c2OP(=O)(O)Oc2c([Si](c5ccc(C(C)(C)C)cc5)(c5ccc(C(C)(C)C)cc5)c5ccc(C(C)(C)C)cc5)cc5c(c2-4)CCCC5)CCCC3)cc1,0.02
C(C=1C=CC(=CC=1)C=NC(C2=CC=CC=C2)=O)(F)(F)F,C(S[H])C,C(C=1C=CC(C(SCC)NC(C2=CC=CC=C2)=O)=CC=1)(F)(F)F,CC(C)(C)c1ccc([Si](c2ccc(C(C)(C)C)cc2)(c2ccc(C(C)(C)C)cc2)c2cc3c(c4c2OP(=O)(O)Oc2c([Si](c5ccc(C(C)(C)C)cc5)(c5ccc(C(C)(C)C)cc5)c5ccc(C(C)(C)C)cc5)cc5c(c2-4)CCCC5)CCCC3)cc1,0.05
C(C=1C=CC(=CC=1)C=NC(C2=CC=CC=C2)=O)(F)(F)F,C1(=CC=C(C=C1)S[H])OC,C(C1=CC=C(C(NC(C2=CC=CC=C2)=O)SC3=CC=C(C=C3)OC)C=C1)(F)(F)F,CC(C)(C)c1ccc([Si](c2ccc(C(C)(C)C)cc2)(c2ccc(C(C)(C)C)cc2)c2cc3c(c4c2OP(=O)(O)Oc2c([Si](c5ccc(C(C)(C)C)cc5)(c5ccc(C(C)(C)C)cc5)c5ccc(C(C)(C)C)cc5)cc5c(c2-4)CCCC5)CCCC3)cc1,0.0
C1(=CC=C(C=C1)C=NC(C2=CC=CC=C2)=O)OC,C=1(S[H])C=CC=CC=1,C=1(C(SC2=CC=CC=C2)NC(C3=CC=CC=C3)=O)C=CC(=CC=1)OC,CC(C)(C)c1ccc([Si](c2ccc(C(C)(C)C)cc2)(c2ccc(C(C)(C)C)cc2)c2cc3c(c4c2OP(=O)(O)Oc2c([Si](c5ccc(C(C)(C)C)cc5)(c5ccc(C(C)(C)C)cc5)c5ccc(C(C)(C)C)cc5)cc5c(c2-4)CCCC5)CCCC3)cc1,-0.05
C1(=CC=C(C=C1)C=NC(C2=CC=CC=C2)=O)OC,C1(S[H])CCCCC1,C1(=CC=C(C(NC(C2=CC=CC=C2)=O)SC3CCCCC3)C=C1)OC,CC(C)(C)c1ccc([Si](c2ccc(C(C)(C)C)cc2)(c2ccc(C(C)(C)C)cc2)c2cc3c(c4c2OP(=O)(O)Oc2c([Si](c5ccc(C(C)(C)C)cc5)(c5ccc(C(C)(C)C)cc5)c5ccc(C(C)(C)C)cc5)cc5c(c2-4)CCCC5)CCCC3)cc1,0.14
C1(=CC=C(C=C1)C=NC(C2=CC=CC=C2)=O)OC,C(S[H])C,C(C1=CC=CC=C1)(NC(C2=CC=C(OC)C=C2)SCC)=O,CC(C)(C)c1ccc([Si](c2ccc(C(C)(C)C)cc2)(c2ccc(C(C)(C)C)cc2)c2cc3c(c4c2OP(=O)(O)Oc2c([Si](c5ccc(C(C)(C)C)cc5)(c5ccc(C(C)(C)C)cc5)c5ccc(C(C)(C)C)cc5)cc5c(c2-4)CCCC5)CCCC3)cc1,-0.05
C1(=CC=C(C=C1)C=NC(C2=CC=CC=C2)=O)OC,C1(=CC=C(C=C1)S[H])OC,C1(=CC=C(C(SC2=CC=C(C=C2)OC)NC(C3=CC=CC=C3)=O)C=C1)OC,CC(C)(C)c1ccc([Si](c2ccc(C(C)(C)C)cc2)(c2ccc(C(C)(C)C)cc2)c2cc3c(c4c2OP(=O)(O)Oc2c([Si](c5ccc(C(C)(C)C)cc5)(c5ccc(C(C)(C)C)cc5)c5ccc(C(C)(C)C)cc5)cc5c(c2-4)CCCC5)CCCC3)cc1,0.19
C(C=1C=CC=CC=1)(N=CC=2C3=C(C=CC=2)C=CC=C3)=O,C=1(S[H])C=CC=CC=1,C12=C(C(C(NC(C3=CC=CC=C3)=O)SC4=CC=CC=C4)=CC=C1)C=CC=C2,CC(C)(C)c1ccc([Si](c2ccc(C(C)(C)C)cc2)(c2ccc(C(C)(C)C)cc2)c2cc3c(c4c2OP(=O)(O)Oc2c([Si](c5ccc(C(C)(C)C)cc5)(c5ccc(C(C)(C)C)cc5)c5ccc(C(C)(C)C)cc5)cc5c(c2-4)CCCC5)CCCC3)cc1,0.12
C(C=1C=CC=CC=1)(N=CC=2C3=C(C=CC=2)C=CC=C3)=O,C1(S[H])CCCCC1,C=1(C(NC(C2=CC=CC=C2)=O)SC3CCCCC3)C4=C(C=CC=1)C=CC=C4,CC(C)(C)c1ccc([Si](c2ccc(C(C)(C)C)cc2)(c2ccc(C(C)(C)C)cc2)c2cc3c(c4c2OP(=O)(O)Oc2c([Si](c5ccc(C(C)(C)C)cc5)(c5ccc(C(C)(C)C)cc5)c5ccc(C(C)(C)C)cc5)cc5c(c2-4)CCCC5)CCCC3)cc1,-0.07
C(C=1C=CC=CC=1)(N=CC=2C3=C(C=CC=2)C=CC=C3)=O,C(S[H])C,C12=C(C(C(NC(C3=CC=CC=C3)=O)SCC)=CC=C1)C=CC=C2,CC(C)(C)c1ccc([Si](c2ccc(C(C)(C)C)cc2)(c2ccc(C(C)(C)C)cc2)c2cc3c(c4c2OP(=O)(O)Oc2c([Si](c5ccc(C(C)(C)C)cc5)(c5ccc(C(C)(C)C)cc5)c5ccc(C(C)(C)C)cc5)cc5c(c2-4)CCCC5)CCCC3)cc1,-0.02
C(C=1C=CC=CC=1)(N=CC=2C3=C(C=CC=2)C=CC=C3)=O,C1(=CC=C(C=C1)S[H])OC,C12=C(C(C(NC(C3=CC=CC=C3)=O)SC4=CC=C(OC)C=C4)=CC=C1)C=CC=C2,CC(C)(C)c1ccc([Si](c2ccc(C(C)(C)C)cc2)(c2ccc(C(C)(C)C)cc2)c2cc3c(c4c2OP(=O)(O)Oc2c([Si](c5ccc(C(C)(C)C)cc5)(c5ccc(C(C)(C)C)cc5)c5ccc(C(C)(C)C)cc5)cc5c(c2-4)CCCC5)CCCC3)cc1,0.0
C=1(C=CC=CC=1)C=NC(C=2C=CC=CC=2)=O,C=1(S[H])C=CC=CC=1,C1(C(NC(C=2C=CC=CC=2)SC=3C=CC=CC=3)=O)=CC=CC=C1,O=P1(O)Oc2c(-c3ccc(C4CCCCC4)cc3)cc3c(c2-c2c4c(cc(-c5ccc(C6CCCCC6)cc5)c2O1)CCCC4)CCCC3,1.13
C=1(C=CC=CC=1)C=NC(C=2C=CC=CC=2)=O,C1(S[H])CCCCC1,C1(C(SC2CCCCC2)NC(C3=CC=CC=C3)=O)=CC=CC=C1,O=P1(O)Oc2c(-c3ccc(C4CCCCC4)cc3)cc3c(c2-c2c4c(cc(-c5ccc(C6CCCCC6)cc5)c2O1)CCCC4)CCCC3,0.65
C=1(C=CC=CC=1)C=NC(C=2C=CC=CC=2)=O,C(S[H])C,C1(C(NC(C2=CC=CC=C2)SCC)=O)=CC=CC=C1,O=P1(O)Oc2c(-c3ccc(C4CCCCC4)cc3)cc3c(c2-c2c4c(cc(-c5ccc(C6CCCCC6)cc5)c2O1)CCCC4)CCCC3,0.68
C=1(C=CC=CC=1)C=NC(C=2C=CC=CC=2)=O,C1(=CC=C(C=C1)S[H])OC,C1(C(NC(C=2C=CC=CC=2)SC=3C=CC(OC)=CC=3)=O)=CC=CC=C1,O=P1(O)Oc2c(-c3ccc(C4CCCCC4)cc3)cc3c(c2-c2c4c(cc(-c5ccc(C6CCCCC6)cc5)c2O1)CCCC4)CCCC3,1.24
C(C=1C=CC(=CC=1)C=NC(C2=CC=CC=C2)=O)(F)(F)F,C=1(S[H])C=CC=CC=1,C(C=1C=CC(C(SC2=CC=CC=C2)NC(C3=CC=CC=C3)=O)=CC=1)(F)(F)F,O=P1(O)Oc2c(-c3ccc(C4CCCCC4)cc3)cc3c(c2-c2c4c(cc(-c5ccc(C6CCCCC6)cc5)c2O1)CCCC4)CCCC3,1.08
C(C=1C=CC(=CC=1)C=NC(C2=CC=CC=C2)=O)(F)(F)F,C1(S[H])CCCCC1,C(C1=CC=C(C(NC(C2=CC=CC=C2)=O)SC3CCCCC3)C=C1)(F)(F)F,O=P1(O)Oc2c(-c3ccc(C4CCCCC4)cc3)cc3c(c2-c2c4c(cc(-c5ccc(C6CCCCC6)cc5)c2O1)CCCC4)CCCC3,0.53
C(C=1C=CC(=CC=1)C=NC(C2=CC=CC=C2)=O)(F)(F)F,C(S[H])C,C(C=1C=CC(C(SCC)NC(C2=CC=CC=C2)=O)=CC=1)(F)(F)F,O=P1(O)Oc2c(-c3ccc(C4CCCCC4)cc3)cc3c(c2-c2c4c(cc(-c5ccc(C6CCCCC6)cc5)c2O1)CCCC4)CCCC3,0.65
C(C=1C=CC(=CC=1)C=NC(C2=CC=CC=C2)=O)(F)(F)F,C1(=CC=C(C=C1)S[H])OC,C(C1=CC=C(C(NC(C2=CC=CC=C2)=O)SC3=CC=C(C=C3)OC)C=C1)(F)(F)F,O=P1(O)Oc2c(-c3ccc(C4CCCCC4)cc3)cc3c(c2-c2c4c(cc(-c5ccc(C6CCCCC6)cc5)c2O1)CCCC4)CCCC3,1.13
C1(=CC=C(C=C1)C=NC(C2=CC=CC=C2)=O)OC,C=1(S[H])C=CC=CC=1,C=1(C(SC2=CC=CC=C2)NC(C3=CC=CC=C3)=O)C=CC(=CC=1)OC,O=P1(O)Oc2c(-c3ccc(C4CCCCC4)cc3)cc3c(c2-c2c4c(cc(-c5ccc(C6CCCCC6)cc5)c2O1)CCCC4)CCCC3,1.18
C1(=CC=C(C=C1)C=NC(C2=CC=CC=C2)=O)OC,C1(S[H])CCCCC1,C1(=CC=C(C(NC(C2=CC=CC=C2)=O)SC3CCCCC3)C=C1)OC,O=P1(O)Oc2c(-c3ccc(C4CCCCC4)cc3)cc3c(c2-c2c4c(cc(-c5ccc(C6CCCCC6)cc5)c2O1)CCCC4)CCCC3,0.56
C1(=CC=C(C=C1)C=NC(C2=CC=CC=C2)=O)OC,C(S[H])C,C(C1=CC=CC=C1)(NC(C2=CC=C(OC)C=C2)SCC)=O,O=P1(O)Oc2c(-c3ccc(C4CCCCC4)cc3)cc3c(c2-c2c4c(cc(-c5ccc(C6CCCCC6)cc5)c2O1)CCCC4)CCCC3,0.65
C1(=CC=C(C=C1)C=NC(C2=CC=CC=C2)=O)OC,C1(=CC=C(C=C1)S[H])OC,C1(=CC=C(C(SC2=CC=C(C=C2)OC)NC(C3=CC=CC=C3)=O)C=C1)OC,O=P1(O)Oc2c(-c3ccc(C4CCCCC4)cc3)cc3c(c2-c2c4c(cc(-c5ccc(C6CCCCC6)cc5)c2O1)CCCC4)CCCC3,1.3
C(C=1C=CC=CC=1)(N=CC=2C3=C(C=CC=2)C=CC=C3)=O,C=1(S[H])C=CC=CC=1,C12=C(C(C(NC(C3=CC=CC=C3)=O)SC4=CC=CC=C4)=CC=C1)C=CC=C2,O=P1(O)Oc2c(-c3ccc(C4CCCCC4)cc3)cc3c(c2-c2c4c(cc(-c5ccc(C6CCCCC6)cc5)c2O1)CCCC4)CCCC3,1.24
C(C=1C=CC=CC=1)(N=CC=2C3=C(C=CC=2)C=CC=C3)=O,C1(S[H])CCCCC1,C=1(C(NC(C2=CC=CC=C2)=O)SC3CCCCC3)C4=C(C=CC=1)C=CC=C4,O=P1(O)Oc2c(-c3ccc(C4CCCCC4)cc3)cc3c(c2-c2c4c(cc(-c5ccc(C6CCCCC6)cc5)c2O1)CCCC4)CCCC3,0.53
C(C=1C=CC=CC=1)(N=CC=2C3=C(C=CC=2)C=CC=C3)=O,C(S[H])C,C12=C(C(C(NC(C3=CC=CC=C3)=O)SCC)=CC=C1)C=CC=C2,O=P1(O)Oc2c(-c3ccc(C4CCCCC4)cc3)cc3c(c2-c2c4c(cc(-c5ccc(C6CCCCC6)cc5)c2O1)CCCC4)CCCC3,0.62
C(C=1C=CC=CC=1)(N=CC=2C3=C(C=CC=2)C=CC=C3)=O,C1(=CC=C(C=C1)S[H])OC,C12=C(C(C(NC(C3=CC=CC=C3)=O)SC4=CC=C(OC)C=C4)=CC=C1)C=CC=C2,O=P1(O)Oc2c(-c3ccc(C4CCCCC4)cc3)cc3c(c2-c2c4c(cc(-c5ccc(C6CCCCC6)cc5)c2O1)CCCC4)CCCC3,1.37
C=1(C=CC=CC=1)C=NC(C=2C=CC=CC=2)=O,C=1(S[H])C=CC=CC=1,C1(C(NC(C=2C=CC=CC=2)SC=3C=CC=CC=3)=O)=CC=CC=C1,OP1(=O)Oc2c(cc3ccccc3c2-c2c(O1)c(cc1ccccc21)-c1cccc(c1)-c1ccc2ccccc2c1)-c1cccc(c1)-c1ccc2ccccc2c1,1.08
C=1(C=CC=CC=1)C=NC(C=2C=CC=CC=2)=O,C1(S[H])CCCCC1,C1(C(SC2CCCCC2)NC(C3=CC=CC=C3)=O)=CC=CC=C1,OP1(=O)Oc2c(cc3ccccc3c2-c2c(O1)c(cc1ccccc21)-c1cccc(c1)-c1ccc2ccccc2c1)-c1cccc(c1)-c1ccc2ccccc2c1,0.56
C=1(C=CC=CC=1)C=NC(C=2C=CC=CC=2)=O,C(S[H])C,C1(C(NC(C2=CC=CC=C2)SCC)=O)=CC=CC=C1,OP1(=O)Oc2c(cc3ccccc3c2-c2c(O1)c(cc1ccccc21)-c1cccc(c1)-c1ccc2ccccc2c1)-c1cccc(c1)-c1ccc2ccccc2c1,0.59
C=1(C=CC=CC=1)C=NC(C=2C=CC=CC=2)=O,C1(=CC=C(C=C1)S[H])OC,C1(C(NC(C=2C=CC=CC=2)SC=3C=CC(OC)=CC=3)=O)=CC=CC=C1,OP1(=O)Oc2c(cc3ccccc3c2-c2c(O1)c(cc1ccccc21)-c1cccc(c1)-c1ccc2ccccc2c1)-c1cccc(c1)-c1ccc2ccccc2c1,1.24
C(C=1C=CC(=CC=1)C=NC(C2=CC=CC=C2)=O)(F)(F)F,C=1(S[H])C=CC=CC=1,C(C=1C=CC(C(SC2=CC=CC=C2)NC(C3=CC=CC=C3)=O)=CC=1)(F)(F)F,OP1(=O)Oc2c(cc3ccccc3c2-c2c(O1)c(cc1ccccc21)-c1cccc(c1)-c1ccc2ccccc2c1)-c1cccc(c1)-c1ccc2ccccc2c1,1.37
C(C=1C=CC(=CC=1)C=NC(C2=CC=CC=C2)=O)(F)(F)F,C1(S[H])CCCCC1,C(C1=CC=C(C(NC(C2=CC=CC=C2)=O)SC3CCCCC3)C=C1)(F)(F)F,OP1(=O)Oc2c(cc3ccccc3c2-c2c(O1)c(cc1ccccc21)-c1cccc(c1)-c1ccc2ccccc2c1)-c1cccc(c1)-c1ccc2ccccc2c1,0.42
C(C=1C=CC(=CC=1)C=NC(C2=CC=CC=C2)=O)(F)(F)F,C(S[H])C,C(C=1C=CC(C(SCC)NC(C2=CC=CC=C2)=O)=CC=1)(F)(F)F,OP1(=O)Oc2c(cc3ccccc3c2-c2c(O1)c(cc1ccccc21)-c1cccc(c1)-c1ccc2ccccc2c1)-c1cccc(c1)-c1ccc2ccccc2c1,0.42
C(C=1C=CC(=CC=1)C=NC(C2=CC=CC=C2)=O)(F)(F)F,C1(=CC=C(C=C1)S[H])OC,C(C1=CC=C(C(NC(C2=CC=CC=C2)=O)SC3=CC=C(C=C3)OC)C=C1)(F)(F)F,OP1(=O)Oc2c(cc3ccccc3c2-c2c(O1)c(cc1ccccc21)-c1cccc(c1)-c1ccc2ccccc2c1)-c1cccc(c1)-c1ccc2ccccc2c1,1.37
C1(=CC=C(C=C1)C=NC(C2=CC=CC=C2)=O)OC,C=1(S[H])C=CC=CC=1,C=1(C(SC2=CC=CC=C2)NC(C3=CC=CC=C3)=O)C=CC(=CC=1)OC,OP1(=O)Oc2c(cc3ccccc3c2-c2c(O1)c(cc1ccccc21)-c1cccc(c1)-c1ccc2ccccc2c1)-c1cccc(c1)-c1ccc2ccccc2c1,1.3
C1(=CC=C(C=C1)C=NC(C2=CC=CC=C2)=O)OC,C1(S[H])CCCCC1,C1(=CC=C(C(NC(C2=CC=CC=C2)=O)SC3CCCCC3)C=C1)OC,OP1(=O)Oc2c(cc3ccccc3c2-c2c(O1)c(cc1ccccc21)-c1cccc(c1)-c1ccc2ccccc2c1)-c1cccc(c1)-c1ccc2ccccc2c1,0.39
C1(=CC=C(C=C1)C=NC(C2=CC=CC=C2)=O)OC,C(S[H])C,C(C1=CC=CC=C1)(NC(C2=CC=C(OC)C=C2)SCC)=O,OP1(=O)Oc2c(cc3ccccc3c2-c2c(O1)c(cc1ccccc21)-c1cccc(c1)-c1ccc2ccccc2c1)-c1cccc(c1)-c1ccc2ccccc2c1,0.59
C1(=CC=C(C=C1)C=NC(C2=CC=CC=C2)=O)OC,C1(=CC=C(C=C1)S[H])OC,C1(=CC=C(C(SC2=CC=C(C=C2)OC)NC(C3=CC=CC=C3)=O)C=C1)OC,OP1(=O)Oc2c(cc3ccccc3c2-c2c(O1)c(cc1ccccc21)-c1cccc(c1)-c1ccc2ccccc2c1)-c1cccc(c1)-c1ccc2ccccc2c1,1.13
C(C=1C=CC=CC=1)(N=CC=2C3=C(C=CC=2)C=CC=C3)=O,C=1(S[H])C=CC=CC=1,C12=C(C(C(NC(C3=CC=CC=C3)=O)SC4=CC=CC=C4)=CC=C1)C=CC=C2,OP1(=O)Oc2c(cc3ccccc3c2-c2c(O1)c(cc1ccccc21)-c1cccc(c1)-c1ccc2ccccc2c1)-c1cccc(c1)-c1ccc2ccccc2c1,1.3
C(C=1C=CC=CC=1)(N=CC=2C3=C(C=CC=2)C=CC=C3)=O,C1(S[H])CCCCC1,C=1(C(NC(C2=CC=CC=C2)=O)SC3CCCCC3)C4=C(C=CC=1)C=CC=C4,OP1(=O)Oc2c(cc3ccccc3c2-c2c(O1)c(cc1ccccc21)-c1cccc(c1)-c1ccc2ccccc2c1)-c1cccc(c1)-c1ccc2ccccc2c1,0.45
C(C=1C=CC=CC=1)(N=CC=2C3=C(C=CC=2)C=CC=C3)=O,C(S[H])C,C12=C(C(C(NC(C3=CC=CC=C3)=O)SCC)=CC=C1)C=CC=C2,OP1(=O)Oc2c(cc3ccccc3c2-c2c(O1)c(cc1ccccc21)-c1cccc(c1)-c1ccc2ccccc2c1)-c1cccc(c1)-c1ccc2ccccc2c1,0.59
C(C=1C=CC=CC=1)(N=CC=2C3=C(C=CC=2)C=CC=C3)=O,C1(=CC=C(C=C1)S[H])OC,C12=C(C(C(NC(C3=CC=CC=C3)=O)SC4=CC=C(OC)C=C4)=CC=C1)C=CC=C2,OP1(=O)Oc2c(cc3ccccc3c2-c2c(O1)c(cc1ccccc21)-c1cccc(c1)-c1ccc2ccccc2c1)-c1cccc(c1)-c1ccc2ccccc2c1,1.18
C=1(C=CC=CC=1)C=NC(C=2C=CC=CC=2)=O,C=1(S[H])C=CC=CC=1,C1(C(NC(C=2C=CC=CC=2)SC=3C=CC=CC=3)=O)=CC=CC=C1,OP1(=O)Oc2c(cc3ccccc3c2-c2c(O1)c(cc1ccccc21)-c1ccc(cc1)-c1cc(cc(c1)C(F)(F)F)C(F)(F)F)-c1ccc(cc1)-c1cc(cc(c1)C(F)(F)F)C(F)(F)F,1.45
C=1(C=CC=CC=1)C=NC(C=2C=CC=CC=2)=O,C1(S[H])CCCCC1,C1(C(SC2CCCCC2)NC(C3=CC=CC=C3)=O)=CC=CC=C1,OP1(=O)Oc2c(cc3ccccc3c2-c2c(O1)c(cc1ccccc21)-c1ccc(cc1)-c1cc(cc(c1)C(F)(F)F)C(F)(F)F)-c1ccc(cc1)-c1cc(cc(c1)C(F)(F)F)C(F)(F)F,0.62
C=1(C=CC=CC=1)C=NC(C=2C=CC=CC=2)=O,C(S[H])C,C1(C(NC(C2=CC=CC=C2)SCC)=O)=CC=CC=C1,OP1(=O)Oc2c(cc3ccccc3c2-c2c(O1)c(cc1ccccc21)-c1ccc(cc1)-c1cc(cc(c1)C(F)(F)F)C(F)(F)F)-c1ccc(cc1)-c1cc(cc(c1)C(F)(F)F)C(F)(F)F,0.65
C=1(C=CC=CC=1)C=NC(C=2C=CC=CC=2)=O,C1(=CC=C(C=C1)S[H])OC,C1(C(NC(C=2C=CC=CC=2)SC=3C=CC(OC)=CC=3)=O)=CC=CC=C1,OP1(=O)Oc2c(cc3ccccc3c2-c2c(O1)c(cc1ccccc21)-c1ccc(cc1)-c1cc(cc(c1)C(F)(F)F)C(F)(F)F)-c1ccc(cc1)-c1cc(cc(c1)C(F)(F)F)C(F)(F)F,1.03
C(C=1C=CC(=CC=1)C=NC(C2=CC=CC=C2)=O)(F)(F)F,C=1(S[H])C=CC=CC=1,C(C=1C=CC(C(SC2=CC=CC=C2)NC(C3=CC=CC=C3)=O)=CC=1)(F)(F)F,OP1(=O)Oc2c(cc3ccccc3c2-c2c(O1)c(cc1ccccc21)-c1ccc(cc1)-c1cc(cc(c1)C(F)(F)F)C(F)(F)F)-c1ccc(cc1)-c1cc(cc(c1)C(F)(F)F)C(F)(F)F,1.37
C(C=1C=CC(=CC=1)C=NC(C2=CC=CC=C2)=O)(F)(F)F,C1(S[H])CCCCC1,C(C1=CC=C(C(NC(C2=CC=CC=C2)=O)SC3CCCCC3)C=C1)(F)(F)F,OP1(=O)Oc2c(cc3ccccc3c2-c2c(O1)c(cc1ccccc21)-c1ccc(cc1)-c1cc(cc(c1)C(F)(F)F)C(F)(F)F)-c1ccc(cc1)-c1cc(cc(c1)C(F)(F)F)C(F)(F)F,1.3
C(C=1C=CC(=CC=1)C=NC(C2=CC=CC=C2)=O)(F)(F)F,C(S[H])C,C(C=1C=CC(C(SCC)NC(C2=CC=CC=C2)=O)=CC=1)(F)(F)F,OP1(=O)Oc2c(cc3ccccc3c2-c2c(O1)c(cc1ccccc21)-c1ccc(cc1)-c1cc(cc(c1)C(F)(F)F)C(F)(F)F)-c1ccc(cc1)-c1cc(cc(c1)C(F)(F)F)C(F)(F)F,0.53
C(C=1C=CC(=CC=1)C=NC(C2=CC=CC=C2)=O)(F)(F)F,C1(=CC=C(C=C1)S[H])OC,C(C1=CC=C(C(NC(C2=CC=CC=C2)=O)SC3=CC=C(C=C3)OC)C=C1)(F)(F)F,OP1(=O)Oc2c(cc3ccccc3c2-c2c(O1)c(cc1ccccc21)-c1ccc(cc1)-c1cc(cc(c1)C(F)(F)F)C(F)(F)F)-c1ccc(cc1)-c1cc(cc(c1)C(F)(F)F)C(F)(F)F,0.72
C1(=CC=C(C=C1)C=NC(C2=CC=CC=C2)=O)OC,C=1(S[H])C=CC=CC=1,C=1(C(SC2=CC=CC=C2)NC(C3=CC=CC=C3)=O)C=CC(=CC=1)OC,OP1(=O)Oc2c(cc3ccccc3c2-c2c(O1)c(cc1ccccc21)-c1ccc(cc1)-c1cc(cc(c1)C(F)(F)F)C(F)(F)F)-c1ccc(cc1)-c1cc(cc(c1)C(F)(F)F)C(F)(F)F,1.24
C1(=CC=C(C=C1)C=NC(C2=CC=CC=C2)=O)OC,C1(S[H])CCCCC1,C1(=CC=C(C(NC(C2=CC=CC=C2)=O)SC3CCCCC3)C=C1)OC,OP1(=O)Oc2c(cc3ccccc3c2-c2c(O1)c(cc1ccccc21)-c1ccc(cc1)-c1cc(cc(c1)C(F)(F)F)C(F)(F)F)-c1ccc(cc1)-c1cc(cc(c1)C(F)(F)F)C(F)(F)F,0.5
C1(=CC=C(C=C1)C=NC(C2=CC=CC=C2)=O)OC,C(S[H])C,C(C1=CC=CC=C1)(NC(C2=CC=C(OC)C=C2)SCC)=O,OP1(=O)Oc2c(cc3ccccc3c2-c2c(O1)c(cc1ccccc21)-c1ccc(cc1)-c1cc(cc(c1)C(F)(F)F)C(F)(F)F)-c1ccc(cc1)-c1cc(cc(c1)C(F)(F)F)C(F)(F)F,0.59
C1(=CC=C(C=C1)C=NC(C2=CC=CC=C2)=O)OC,C1(=CC=C(C=C1)S[H])OC,C1(=CC=C(C(SC2=CC=C(C=C2)OC)NC(C3=CC=CC=C3)=O)C=C1)OC,OP1(=O)Oc2c(cc3ccccc3c2-c2c(O1)c(cc1ccccc21)-c1ccc(cc1)-c1cc(cc(c1)C(F)(F)F)C(F)(F)F)-c1ccc(cc1)-c1cc(cc(c1)C(F)(F)F)C(F)(F)F,1.13
C(C=1C=CC=CC=1)(N=CC=2C3=C(C=CC=2)C=CC=C3)=O,C=1(S[H])C=CC=CC=1,C12=C(C(C(NC(C3=CC=CC=C3)=O)SC4=CC=CC=C4)=CC=C1)C=CC=C2,OP1(=O)Oc2c(cc3ccccc3c2-c2c(O1)c(cc1ccccc21)-c1ccc(cc1)-c1cc(cc(c1)C(F)(F)F)C(F)(F)F)-c1ccc(cc1)-c1cc(cc(c1)C(F)(F)F)C(F)(F)F,1.37
C(C=1C=CC=CC=1)(N=CC=2C3=C(C=CC=2)C=CC=C3)=O,C1(S[H])CCCCC1,C=1(C(NC(C2=CC=CC=C2)=O)SC3CCCCC3)C4=C(C=CC=1)C=CC=C4,OP1(=O)Oc2c(cc3ccccc3c2-c2c(O1)c(cc1ccccc21)-c1ccc(cc1)-c1cc(cc(c1)C(F)(F)F)C(F)(F)F)-c1ccc(cc1)-c1cc(cc(c1)C(F)(F)F)C(F)(F)F,0.53
C(C=1C=CC=CC=1)(N=CC=2C3=C(C=CC=2)C=CC=C3)=O,C(S[H])C,C12=C(C(C(NC(C3=CC=CC=C3)=O)SCC)=CC=C1)C=CC=C2,OP1(=O)Oc2c(cc3ccccc3c2-c2c(O1)c(cc1ccccc21)-c1ccc(cc1)-c1cc(cc(c1)C(F)(F)F)C(F)(F)F)-c1ccc(cc1)-c1cc(cc(c1)C(F)(F)F)C(F)(F)F,0.59
C(C=1C=CC=CC=1)(N=CC=2C3=C(C=CC=2)C=CC=C3)=O,C1(=CC=C(C=C1)S[H])OC,C12=C(C(C(NC(C3=CC=CC=C3)=O)SC4=CC=C(OC)C=C4)=CC=C1)C=CC=C2,OP1(=O)Oc2c(cc3ccccc3c2-c2c(O1)c(cc1ccccc21)-c1ccc(cc1)-c1cc(cc(c1)C(F)(F)F)C(F)(F)F)-c1ccc(cc1)-c1cc(cc(c1)C(F)(F)F)C(F)(F)F,1.37
C=1(C=CC=CC=1)C=NC(C=2C=CC=CC=2)=O,C=1(S[H])C=CC=CC=1,C1(C(NC(C=2C=CC=CC=2)SC=3C=CC=CC=3)=O)=CC=CC=C1,O=P1(O)Oc2c(Cc3cc(C(F)(F)F)cc(C(F)(F)F)c3)cc3c(c2-c2c4c(cc(Cc5cc(C(F)(F)F)cc(C(F)(F)F)c5)c2O1)CCCC4)CCCC3,0.56
C=1(C=CC=CC=1)C=NC(C=2C=CC=CC=2)=O,C1(S[H])CCCCC1,C1(C(SC2CCCCC2)NC(C3=CC=CC=C3)=O)=CC=CC=C1,O=P1(O)Oc2c(Cc3cc(C(F)(F)F)cc(C(F)(F)F)c3)cc3c(c2-c2c4c(cc(Cc5cc(C(F)(F)F)cc(C(F)(F)F)c5)c2O1)CCCC4)CCCC3,-0.37
C=1(C=CC=CC=1)C=NC(C=2C=CC=CC=2)=O,C(S[H])C,C1(C(NC(C2=CC=CC=C2)SCC)=O)=CC=CC=C1,O=P1(O)Oc2c(Cc3cc(C(F)(F)F)cc(C(F)(F)F)c3)cc3c(c2-c2c4c(cc(Cc5cc(C(F)(F)F)cc(C(F)(F)F)c5)c2O1)CCCC4)CCCC3,-0.12
C=1(C=CC=CC=1)C=NC(C=2C=CC=CC=2)=O,C1(=CC=C(C=C1)S[H])OC,C1(C(NC(C=2C=CC=CC=2)SC=3C=CC(OC)=CC=3)=O)=CC=CC=C1,O=P1(O)Oc2c(Cc3cc(C(F)(F)F)cc(C(F)(F)F)c3)cc3c(c2-c2c4c(cc(Cc5cc(C(F)(F)F)cc(C(F)(F)F)c5)c2O1)CCCC4)CCCC3,0.56
C(C=1C=CC(=CC=1)C=NC(C2=CC=CC=C2)=O)(F)(F)F,C=1(S[H])C=CC=CC=1,C(C=1C=CC(C(SC2=CC=CC=C2)NC(C3=CC=CC=C3)=O)=CC=1)(F)(F)F,O=P1(O)Oc2c(Cc3cc(C(F)(F)F)cc(C(F)(F)F)c3)cc3c(c2-c2c4c(cc(Cc5cc(C(F)(F)F)cc(C(F)(F)F)c5)c2O1)CCCC4)CCCC3,0.68
C(C=1C=CC(=CC=1)C=NC(C2=CC=CC=C2)=O)(F)(F)F,C1(S[H])CCCCC1,C(C1=CC=C(C(NC(C2=CC=CC=C2)=O)SC3CCCCC3)C=C1)(F)(F)F,O=P1(O)Oc2c(Cc3cc(C(F)(F)F)cc(C(F)(F)F)c3)cc3c(c2-c2c4c(cc(Cc5cc(C(F)(F)F)cc(C(F)(F)F)c5)c2O1)CCCC4)CCCC3,-0.24
C(C=1C=CC(=CC=1)C=NC(C2=CC=CC=C2)=O)(F)(F)F,C(S[H])C,C(C=1C=CC(C(SCC)NC(C2=CC=CC=C2)=O)=CC=1)(F)(F)F,O=P1(O)Oc2c(Cc3cc(C(F)(F)F)cc(C(F)(F)F)c3)cc3c(c2-c2c4c(cc(Cc5cc(C(F)(F)F)cc(C(F)(F)F)c5)c2O1)CCCC4)CCCC3,-0.07
C(C=1C=CC(=CC=1)C=NC(C2=CC=CC=C2)=O)(F)(F)F,C1(=CC=C(C=C1)S[H])OC,C(C1=CC=C(C(NC(C2=CC=CC=C2)=O)SC3=CC=C(C=C3)OC)C=C1)(F)(F)F,O=P1(O)Oc2c(Cc3cc(C(F)(F)F)cc(C(F)(F)F)c3)cc3c(c2-c2c4c(cc(Cc5cc(C(F)(F)F)cc(C(F)(F)F)c5)c2O1)CCCC4)CCCC3,0.37
C1(=CC=C(C=C1)C=NC(C2=CC=CC=C2)=O)OC,C=1(S[H])C=CC=CC=1,C=1(C(SC2=CC=CC=C2)NC(C3=CC=CC=C3)=O)C=CC(=CC=1)OC,O=P1(O)Oc2c(Cc3cc(C(F)(F)F)cc(C(F)(F)F)c3)cc3c(c2-c2c4c(cc(Cc5cc(C(F)(F)F)cc(C(F)(F)F)c5)c2O1)CCCC4)CCCC3,0.65
C1(=CC=C(C=C1)C=NC(C2=CC=CC=C2)=O)OC,C1(S[H])CCCCC1,C1(=CC=C(C(NC(C2=CC=CC=C2)=O)SC3CCCCC3)C=C1)OC,O=P1(O)Oc2c(Cc3cc(C(F)(F)F)cc(C(F)(F)F)c3)cc3c(c2-c2c4c(cc(Cc5cc(C(F)(F)F)cc(C(F)(F)F)c5)c2O1)CCCC4)CCCC3,-0.29
C1(=CC=C(C=C1)C=NC(C2=CC=CC=C2)=O)OC,C(S[H])C,C(C1=CC=CC=C1)(NC(C2=CC=C(OC)C=C2)SCC)=O,O=P1(O)Oc2c(Cc3cc(C(F)(F)F)cc(C(F)(F)F)c3)cc3c(c2-c2c4c(cc(Cc5cc(C(F)(F)F)cc(C(F)(F)F)c5)c2O1)CCCC4)CCCC3,-0.22
C1(=CC=C(C=C1)C=NC(C2=CC=CC=C2)=O)OC,C1(=CC=C(C=C1)S[H])OC,C1(=CC=C(C(SC2=CC=C(C=C2)OC)NC(C3=CC=CC=C3)=O)C=C1)OC,O=P1(O)Oc2c(Cc3cc(C(F)(F)F)cc(C(F)(F)F)c3)cc3c(c2-c2c4c(cc(Cc5cc(C(F)(F)F)cc(C(F)(F)F)c5)c2O1)CCCC4)CCCC3,0.65
C(C=1C=CC=CC=1)(N=CC=2C3=C(C=CC=2)C=CC=C3)=O,C=1(S[H])C=CC=CC=1,C12=C(C(C(NC(C3=CC=CC=C3)=O)SC4=CC=CC=C4)=CC=C1)C=CC=C2,O=P1(O)Oc2c(Cc3cc(C(F)(F)F)cc(C(F)(F)F)c3)cc3c(c2-c2c4c(cc(Cc5cc(C(F)(F)F)cc(C(F)(F)F)c5)c2O1)CCCC4)CCCC3,0.62
C(C=1C=CC=CC=1)(N=CC=2C3=C(C=CC=2)C=CC=C3)=O,C1(S[H])CCCCC1,C=1(C(NC(C2=CC=CC=C2)=O)SC3CCCCC3)C4=C(C=CC=1)C=CC=C4,O=P1(O)Oc2c(Cc3cc(C(F)(F)F)cc(C(F)(F)F)c3)cc3c(c2-c2c4c(cc(Cc5cc(C(F)(F)F)cc(C(F)(F)F)c5)c2O1)CCCC4)CCCC3,-0.17
C(C=1C=CC=CC=1)(N=CC=2C3=C(C=CC=2)C=CC=C3)=O,C(S[H])C,C12=C(C(C(NC(C3=CC=CC=C3)=O)SCC)=CC=C1)C=CC=C2,O=P1(O)Oc2c(Cc3cc(C(F)(F)F)cc(C(F)(F)F)c3)cc3c(c2-c2c4c(cc(Cc5cc(C(F)(F)F)cc(C(F)(F)F)c5)c2O1)CCCC4)CCCC3,-0.32
C(C=1C=CC=CC=1)(N=CC=2C3=C(C=CC=2)C=CC=C3)=O,C1(=CC=C(C=C1)S[H])OC,C12=C(C(C(NC(C3=CC=CC=C3)=O)SC4=CC=C(OC)C=C4)=CC=C1)C=CC=C2,O=P1(O)Oc2c(Cc3cc(C(F)(F)F)cc(C(F)(F)F)c3)cc3c(c2-c2c4c(cc(Cc5cc(C(F)(F)F)cc(C(F)(F)F)c5)c2O1)CCCC4)CCCC3,0.59
C=1(C=CC=CC=1)C=NC(C=2C=CC=CC=2)=O,C=1(S[H])C=CC=CC=1,C1(C(NC(C=2C=CC=CC=2)SC=3C=CC=CC=3)=O)=CC=CC=C1,COCc1cccc(-c2cc3ccccc3c3c2OP(=O)(O)Oc2c(-c4cccc(COC)c4)cc4ccccc4c2-3)c1,1.24
C=1(C=CC=CC=1)C=NC(C=2C=CC=CC=2)=O,C1(S[H])CCCCC1,C1(C(SC2CCCCC2)NC(C3=CC=CC=C3)=O)=CC=CC=C1,COCc1cccc(-c2cc3ccccc3c3c2OP(=O)(O)Oc2c(-c4cccc(COC)c4)cc4ccccc4c2-3)c1,0.45
C=1(C=CC=CC=1)C=NC(C=2C=CC=CC=2)=O,C(S[H])C,C1(C(NC(C2=CC=CC=C2)SCC)=O)=CC=CC=C1,COCc1cccc(-c2cc3ccccc3c3c2OP(=O)(O)Oc2c(-c4cccc(COC)c4)cc4ccccc4c2-3)c1,0.56
C=1(C=CC=CC=1)C=NC(C=2C=CC=CC=2)=O,C1(=CC=C(C=C1)S[H])OC,C1(C(NC(C=2C=CC=CC=2)SC=3C=CC(OC)=CC=3)=O)=CC=CC=C1,COCc1cccc(-c2cc3ccccc3c3c2OP(=O)(O)Oc2c(-c4cccc(COC)c4)cc4ccccc4c2-3)c1,1.37
C(C=1C=CC(=CC=1)C=NC(C2=CC=CC=C2)=O)(F)(F)F,C=1(S[H])C=CC=CC=1,C(C=1C=CC(C(SC2=CC=CC=C2)NC(C3=CC=CC=C3)=O)=CC=1)(F)(F)F,COCc1cccc(-c2cc3ccccc3c3c2OP(=O)(O)Oc2c(-c4cccc(COC)c4)cc4ccccc4c2-3)c1,1.18
C(C=1C=CC(=CC=1)C=NC(C2=CC=CC=C2)=O)(F)(F)F,C1(S[H])CCCCC1,C(C1=CC=C(C(NC(C2=CC=CC=C2)=O)SC3CCCCC3)C=C1)(F)(F)F,COCc1cccc(-c2cc3ccccc3c3c2OP(=O)(O)Oc2c(-c4cccc(COC)c4)cc4ccccc4c2-3)c1,0.56
C(C=1C=CC(=CC=1)C=NC(C2=CC=CC=C2)=O)(F)(F)F,C(S[H])C,C(C=1C=CC(C(SCC)NC(C2=CC=CC=C2)=O)=CC=1)(F)(F)F,COCc1cccc(-c2cc3ccccc3c3c2OP(=O)(O)Oc2c(-c4cccc(COC)c4)cc4ccccc4c2-3)c1,0.68
C(C=1C=CC(=CC=1)C=NC(C2=CC=CC=C2)=O)(F)(F)F,C1(=CC=C(C=C1)S[H])OC,C(C1=CC=C(C(NC(C2=CC=CC=C2)=O)SC3=CC=C(C=C3)OC)C=C1)(F)(F)F,COCc1cccc(-c2cc3ccccc3c3c2OP(=O)(O)Oc2c(-c4cccc(COC)c4)cc4ccccc4c2-3)c1,1.3
C1(=CC=C(C=C1)C=NC(C2=CC=CC=C2)=O)OC,C=1(S[H])C=CC=CC=1,C=1(C(SC2=CC=CC=C2)NC(C3=CC=CC=C3)=O)C=CC(=CC=1)OC,COCc1cccc(-c2cc3ccccc3c3c2OP(=O)(O)Oc2c(-c4cccc(COC)c4)cc4ccccc4c2-3)c1,1.45
C1(=CC=C(C=C1)C=NC(C2=CC=CC=C2)=O)OC,C1(S[H])CCCCC1,C1(=CC=C(C(NC(C2=CC=CC=C2)=O)SC3CCCCC3)C=C1)OC,COCc1cccc(-c2cc3ccccc3c3c2OP(=O)(O)Oc2c(-c4cccc(COC)c4)cc4ccccc4c2-3)c1,0.78
C1(=CC=C(C=C1)C=NC(C2=CC=CC=C2)=O)OC,C(S[H])C,C(C1=CC=CC=C1)(NC(C2=CC=C(OC)C=C2)SCC)=O,COCc1cccc(-c2cc3ccccc3c3c2OP(=O)(O)Oc2c(-c4cccc(COC)c4)cc4ccccc4c2-3)c1,0.72
C1(=CC=C(C=C1)C=NC(C2=CC=CC=C2)=O)OC,C1(=CC=C(C=C1)S[H])OC,C1(=CC=C(C(SC2=CC=C(C=C2)OC)NC(C3=CC=CC=C3)=O)C=C1)OC,COCc1cccc(-c2cc3ccccc3c3c2OP(=O)(O)Oc2c(-c4cccc(COC)c4)cc4ccccc4c2-3)c1,1.45
C(C=1C=CC=CC=1)(N=CC=2C3=C(C=CC=2)C=CC=C3)=O,C=1(S[H])C=CC=CC=1,C12=C(C(C(NC(C3=CC=CC=C3)=O)SC4=CC=CC=C4)=CC=C1)C=CC=C2,COCc1cccc(-c2cc3ccccc3c3c2OP(=O)(O)Oc2c(-c4cccc(COC)c4)cc4ccccc4c2-3)c1,1.24
C(C=1C=CC=CC=1)(N=CC=2C3=C(C=CC=2)C=CC=C3)=O,C1(S[H])CCCCC1,C=1(C(NC(C2=CC=CC=C2)=O)SC3CCCCC3)C4=C(C=CC=1)C=CC=C4,COCc1cccc(-c2cc3ccccc3c3c2OP(=O)(O)Oc2c(-c4cccc(COC)c4)cc4ccccc4c2-3)c1,0.5
C(C=1C=CC=CC=1)(N=CC=2C3=C(C=CC=2)C=CC=C3)=O,C(S[H])C,C12=C(C(C(NC(C3=CC=CC=C3)=O)SCC)=CC=C1)C=CC=C2,COCc1cccc(-c2cc3ccccc3c3c2OP(=O)(O)Oc2c(-c4cccc(COC)c4)cc4ccccc4c2-3)c1,0.59
C(C=1C=CC=CC=1)(N=CC=2C3=C(C=CC=2)C=CC=C3)=O,C1(=CC=C(C=C1)S[H])OC,C12=C(C(C(NC(C3=CC=CC=C3)=O)SC4=CC=C(OC)C=C4)=CC=C1)C=CC=C2,COCc1cccc(-c2cc3ccccc3c3c2OP(=O)(O)Oc2c(-c4cccc(COC)c4)cc4ccccc4c2-3)c1,1.53
C=1(C=CC=CC=1)C=NC(C=2C=CC=CC=2)=O,C=1(S[H])C=CC=CC=1,C1(C(NC(C=2C=CC=CC=2)SC=3C=CC=CC=3)=O)=CC=CC=C1,Cc1cc(-c2cc3ccccc3c3c2OP(=O)(O)Oc2c(-c4cc(C)c(OC(C)C)c(C)c4)cc4ccccc4c2-3)cc(C)c1OC(C)C,1.18
C=1(C=CC=CC=1)C=NC(C=2C=CC=CC=2)=O,C1(S[H])CCCCC1,C1(C(SC2CCCCC2)NC(C3=CC=CC=C3)=O)=CC=CC=C1,Cc1cc(-c2cc3ccccc3c3c2OP(=O)(O)Oc2c(-c4cc(C)c(OC(C)C)c(C)c4)cc4ccccc4c2-3)cc(C)c1OC(C)C,0.68
C=1(C=CC=CC=1)C=NC(C=2C=CC=CC=2)=O,C(S[H])C,C1(C(NC(C2=CC=CC=C2)SCC)=O)=CC=CC=C1,Cc1cc(-c2cc3ccccc3c3c2OP(=O)(O)Oc2c(-c4cc(C)c(OC(C)C)c(C)c4)cc4ccccc4c2-3)cc(C)c1OC(C)C,0.68
C=1(C=CC=CC=1)C=NC(C=2C=CC=CC=2)=O,C1(=CC=C(C=C1)S[H])OC,C1(C(NC(C=2C=CC=CC=2)SC=3C=CC(OC)=CC=3)=O)=CC=CC=C1,Cc1cc(-c2cc3ccccc3c3c2OP(=O)(O)Oc2c(-c4cc(C)c(OC(C)C)c(C)c4)cc4ccccc4c2-3)cc(C)c1OC(C)C,1.37
C(C=1C=CC(=CC=1)C=NC(C2=CC=CC=C2)=O)(F)(F)F,C=1(S[H])C=CC=CC=1,C(C=1C=CC(C(SC2=CC=CC=C2)NC(C3=CC=CC=C3)=O)=CC=1)(F)(F)F,Cc1cc(-c2cc3ccccc3c3c2OP(=O)(O)Oc2c(-c4cc(C)c(OC(C)C)c(C)c4)cc4ccccc4c2-3)cc(C)c1OC(C)C,1.37
C(C=1C=CC(=CC=1)C=NC(C2=CC=CC=C2)=O)(F)(F)F,C1(S[H])CCCCC1,C(C1=CC=C(C(NC(C2=CC=CC=C2)=O)SC3CCCCC3)C=C1)(F)(F)F,Cc1cc(-c2cc3ccccc3c3c2OP(=O)(O)Oc2c(-c4cc(C)c(OC(C)C)c(C)c4)cc4ccccc4c2-3)cc(C)c1OC(C)C,0.45
C(C=1C=CC(=CC=1)C=NC(C2=CC=CC=C2)=O)(F)(F)F,C(S[H])C,C(C=1C=CC(C(SCC)NC(C2=CC=CC=C2)=O)=CC=1)(F)(F)F,Cc1cc(-c2cc3ccccc3c3c2OP(=O)(O)Oc2c(-c4cc(C)c(OC(C)C)c(C)c4)cc4ccccc4c2-3)cc(C)c1OC(C)C,0.45
C(C=1C=CC(=CC=1)C=NC(C2=CC=CC=C2)=O)(F)(F)F,C1(=CC=C(C=C1)S[H])OC,C(C1=CC=C(C(NC(C2=CC=CC=C2)=O)SC3=CC=C(C=C3)OC)C=C1)(F)(F)F,Cc1cc(-c2cc3ccccc3c3c2OP(=O)(O)Oc2c(-c4cc(C)c(OC(C)C)c(C)c4)cc4ccccc4c2-3)cc(C)c1OC(C)C,1.37
C1(=CC=C(C=C1)C=NC(C2=CC=CC=C2)=O)OC,C=1(S[H])C=CC=CC=1,C=1(C(SC2=CC=CC=C2)NC(C3=CC=CC=C3)=O)C=CC(=CC=1)OC,Cc1cc(-c2cc3ccccc3c3c2OP(=O)(O)Oc2c(-c4cc(C)c(OC(C)C)c(C)c4)cc4ccccc4c2-3)cc(C)c1OC(C)C,1.37
C1(=CC=C(C=C1)C=NC(C2=CC=CC=C2)=O)OC,C1(S[H])CCCCC1,C1(=CC=C(C(NC(C2=CC=CC=C2)=O)SC3CCCCC3)C=C1)OC,Cc1cc(-c2cc3ccccc3c3c2OP(=O)(O)Oc2c(-c4cc(C)c(OC(C)C)c(C)c4)cc4ccccc4c2-3)cc(C)c1OC(C)C,0.39
C1(=CC=C(C=C1)C=NC(C2=CC=CC=C2)=O)OC,C(S[H])C,C(C1=CC=CC=C1)(NC(C2=CC=C(OC)C=C2)SCC)=O,Cc1cc(-c2cc3ccccc3c3c2OP(=O)(O)Oc2c(-c4cc(C)c(OC(C)C)c(C)c4)cc4ccccc4c2-3)cc(C)c1OC(C)C,0.53
C1(=CC=C(C=C1)C=NC(C2=CC=CC=C2)=O)OC,C1(=CC=C(C=C1)S[H])OC,C1(=CC=C(C(SC2=CC=C(C=C2)OC)NC(C3=CC=CC=C3)=O)C=C1)OC,Cc1cc(-c2cc3ccccc3c3c2OP(=O)(O)Oc2c(-c4cc(C)c(OC(C)C)c(C)c4)cc4ccccc4c2-3)cc(C)c1OC(C)C,1.3
C(C=1C=CC=CC=1)(N=CC=2C3=C(C=CC=2)C=CC=C3)=O,C=1(S[H])C=CC=CC=1,C12=C(C(C(NC(C3=CC=CC=C3)=O)SC4=CC=CC=C4)=CC=C1)C=CC=C2,Cc1cc(-c2cc3ccccc3c3c2OP(=O)(O)Oc2c(-c4cc(C)c(OC(C)C)c(C)c4)cc4ccccc4c2-3)cc(C)c1OC(C)C,1.3
C(C=1C=CC=CC=1)(N=CC=2C3=C(C=CC=2)C=CC=C3)=O,C1(S[H])CCCCC1,C=1(C(NC(C2=CC=CC=C2)=O)SC3CCCCC3)C4=C(C=CC=1)C=CC=C4,Cc1cc(-c2cc3ccccc3c3c2OP(=O)(O)Oc2c(-c4cc(C)c(OC(C)C)c(C)c4)cc4ccccc4c2-3)cc(C)c1OC(C)C,0.42
C(C=1C=CC=CC=1)(N=CC=2C3=C(C=CC=2)C=CC=C3)=O,C(S[H])C,C12=C(C(C(NC(C3=CC=CC=C3)=O)SCC)=CC=C1)C=CC=C2,Cc1cc(-c2cc3ccccc3c3c2OP(=O)(O)Oc2c(-c4cc(C)c(OC(C)C)c(C)c4)cc4ccccc4c2-3)cc(C)c1OC(C)C,0.56
C(C=1C=CC=CC=1)(N=CC=2C3=C(C=CC=2)C=CC=C3)=O,C1(=CC=C(C=C1)S[H])OC,C12=C(C(C(NC(C3=CC=CC=C3)=O)SC4=CC=C(OC)C=C4)=CC=C1)C=CC=C2,Cc1cc(-c2cc3ccccc3c3c2OP(=O)(O)Oc2c(-c4cc(C)c(OC(C)C)c(C)c4)cc4ccccc4c2-3)cc(C)c1OC(C)C,1.18
C=1(C=CC=CC=1)C=NC(C=2C=CC=CC=2)=O,C=1(S[H])C=CC=CC=1,C1(C(NC(C=2C=CC=CC=2)SC=3C=CC=CC=3)=O)=CC=CC=C1,Cc1cc(C)c(-c2cc(-c3cc4c(c5c3OP(=O)(O)Oc3c(-c6cc(-c7c(C)cc(C)cc7C)cc(-c7c(C)cc(C)cc7C)c6)cc6c(c3-5)CCCC6)CCCC4)cc(-c3c(C)cc(C)cc3C)c2)c(C)c1,1.63
C=1(C=CC=CC=1)C=NC(C=2C=CC=CC=2)=O,C1(S[H])CCCCC1,C1(C(SC2CCCCC2)NC(C3=CC=CC=C3)=O)=CC=CC=C1,Cc1cc(C)c(-c2cc(-c3cc4c(c5c3OP(=O)(O)Oc3c(-c6cc(-c7c(C)cc(C)cc7C)cc(-c7c(C)cc(C)cc7C)c6)cc6c(c3-5)CCCC6)CCCC4)cc(-c3c(C)cc(C)cc3C)c2)c(C)c1,0.59
C=1(C=CC=CC=1)C=NC(C=2C=CC=CC=2)=O,C(S[H])C,C1(C(NC(C2=CC=CC=C2)SCC)=O)=CC=CC=C1,Cc1cc(C)c(-c2cc(-c3cc4c(c5c3OP(=O)(O)Oc3c(-c6cc(-c7c(C)cc(C)cc7C)cc(-c7c(C)cc(C)cc7C)c6)cc6c(c3-5)CCCC6)CCCC4)cc(-c3c(C)cc(C)cc3C)c2)c(C)c1,0.56
C=1(C=CC=CC=1)C=NC(C=2C=CC=CC=2)=O,C1(=CC=C(C=C1)S[H])OC,C1(C(NC(C=2C=CC=CC=2)SC=3C=CC(OC)=CC=3)=O)=CC=CC=C1,Cc1cc(C)c(-c2cc(-c3cc4c(c5c3OP(=O)(O)Oc3c(-c6cc(-c7c(C)cc(C)cc7C)cc(-c7c(C)cc(C)cc7C)c6)cc6c(c3-5)CCCC6)CCCC4)cc(-c3c(C)cc(C)cc3C)c2)c(C)c1,1.74
C(C=1C=CC(=CC=1)C=NC(C2=CC=CC=C2)=O)(F)(F)F,C=1(S[H])C=CC=CC=1,C(C=1C=CC(C(SC2=CC=CC=C2)NC(C3=CC=CC=C3)=O)=CC=1)(F)(F)F,Cc1cc(C)c(-c2cc(-c3cc4c(c5c3OP(=O)(O)Oc3c(-c6cc(-c7c(C)cc(C)cc7C)cc(-c7c(C)cc(C)cc7C)c6)cc6c(c3-5)CCCC6)CCCC4)cc(-c3c(C)cc(C)cc3C)c2)c(C)c1,1.53
C(C=1C=CC(=CC=1)C=NC(C2=CC=CC=C2)=O)(F)(F)F,C1(S[H])CCCCC1,C(C1=CC=C(C(NC(C2=CC=CC=C2)=O)SC3CCCCC3)C=C1)(F)(F)F,Cc1cc(C)c(-c2cc(-c3cc4c(c5c3OP(=O)(O)Oc3c(-c6cc(-c7c(C)cc(C)cc7C)cc(-c7c(C)cc(C)cc7C)c6)cc6c(c3-5)CCCC6)CCCC4)cc(-c3c(C)cc(C)cc3C)c2)c(C)c1,0.82
C(C=1C=CC(=CC=1)C=NC(C2=CC=CC=C2)=O)(F)(F)F,C(S[H])C,C(C=1C=CC(C(SCC)NC(C2=CC=CC=C2)=O)=CC=1)(F)(F)F,Cc1cc(C)c(-c2cc(-c3cc4c(c5c3OP(=O)(O)Oc3c(-c6cc(-c7c(C)cc(C)cc7C)cc(-c7c(C)cc(C)cc7C)c6)cc6c(c3-5)CCCC6)CCCC4)cc(-c3c(C)cc(C)cc3C)c2)c(C)c1,0.86
C(C=1C=CC(=CC=1)C=NC(C2=CC=CC=C2)=O)(F)(F)F,C1(=CC=C(C=C1)S[H])OC,C(C1=CC=C(C(NC(C2=CC=CC=C2)=O)SC3=CC=C(C=C3)OC)C=C1)(F)(F)F,Cc1cc(C)c(-c2cc(-c3cc4c(c5c3OP(=O)(O)Oc3c(-c6cc(-c7c(C)cc(C)cc7C)cc(-c7c(C)cc(C)cc7C)c6)cc6c(c3-5)CCCC6)CCCC4)cc(-c3c(C)cc(C)cc3C)c2)c(C)c1,1.53
C1(=CC=C(C=C1)C=NC(C2=CC=CC=C2)=O)OC,C=1(S[H])C=CC=CC=1,C=1(C(SC2=CC=CC=C2)NC(C3=CC=CC=C3)=O)C=CC(=CC=1)OC,Cc1cc(C)c(-c2cc(-c3cc4c(c5c3OP(=O)(O)Oc3c(-c6cc(-c7c(C)cc(C)cc7C)cc(-c7c(C)cc(C)cc7C)c6)cc6c(c3-5)CCCC6)CCCC4)cc(-c3c(C)cc(C)cc3C)c2)c(C)c1,1.53
C1(=CC=C(C=C1)C=NC(C2=CC=CC=C2)=O)OC,C1(S[H])CCCCC1,C1(=CC=C(C(NC(C2=CC=CC=C2)=O)SC3CCCCC3)C=C1)OC,Cc1cc(C)c(-c2cc(-c3cc4c(c5c3OP(=O)(O)Oc3c(-c6cc(-c7c(C)cc(C)cc7C)cc(-c7c(C)cc(C)cc7C)c6)cc6c(c3-5)CCCC6)CCCC4)cc(-c3c(C)cc(C)cc3C)c2)c(C)c1,0.75
C1(=CC=C(C=C1)C=NC(C2=CC=CC=C2)=O)OC,C(S[H])C,C(C1=CC=CC=C1)(NC(C2=CC=C(OC)C=C2)SCC)=O,Cc1cc(C)c(-c2cc(-c3cc4c(c5c3OP(=O)(O)Oc3c(-c6cc(-c7c(C)cc(C)cc7C)cc(-c7c(C)cc(C)cc7C)c6)cc6c(c3-5)CCCC6)CCCC4)cc(-c3c(C)cc(C)cc3C)c2)c(C)c1,0.86
C1(=CC=C(C=C1)C=NC(C2=CC=CC=C2)=O)OC,C1(=CC=C(C=C1)S[H])OC,C1(=CC=C(C(SC2=CC=C(C=C2)OC)NC(C3=CC=CC=C3)=O)C=C1)OC,Cc1cc(C)c(-c2cc(-c3cc4c(c5c3OP(=O)(O)Oc3c(-c6cc(-c7c(C)cc(C)cc7C)cc(-c7c(C)cc(C)cc7C)c6)cc6c(c3-5)CCCC6)CCCC4)cc(-c3c(C)cc(C)cc3C)c2)c(C)c1,1.53
C(C=1C=CC=CC=1)(N=CC=2C3=C(C=CC=2)C=CC=C3)=O,C=1(S[H])C=CC=CC=1,C12=C(C(C(NC(C3=CC=CC=C3)=O)SC4=CC=CC=C4)=CC=C1)C=CC=C2,Cc1cc(C)c(-c2cc(-c3cc4c(c5c3OP(=O)(O)Oc3c(-c6cc(-c7c(C)cc(C)cc7C)cc(-c7c(C)cc(C)cc7C)c6)cc6c(c3-5)CCCC6)CCCC4)cc(-c3c(C)cc(C)cc3C)c2)c(C)c1,1.63
C(C=1C=CC=CC=1)(N=CC=2C3=C(C=CC=2)C=CC=C3)=O,C1(S[H])CCCCC1,C=1(C(NC(C2=CC=CC=C2)=O)SC3CCCCC3)C4=C(C=CC=1)C=CC=C4,Cc1cc(C)c(-c2cc(-c3cc4c(c5c3OP(=O)(O)Oc3c(-c6cc(-c7c(C)cc(C)cc7C)cc(-c7c(C)cc(C)cc7C)c6)cc6c(c3-5)CCCC6)CCCC4)cc(-c3c(C)cc(C)cc3C)c2)c(C)c1,0.59
C(C=1C=CC=CC=1)(N=CC=2C3=C(C=CC=2)C=CC=C3)=O,C(S[H])C,C12=C(C(C(NC(C3=CC=CC=C3)=O)SCC)=CC=C1)C=CC=C2,Cc1cc(C)c(-c2cc(-c3cc4c(c5c3OP(=O)(O)Oc3c(-c6cc(-c7c(C)cc(C)cc7C)cc(-c7c(C)cc(C)cc7C)c6)cc6c(c3-5)CCCC6)CCCC4)cc(-c3c(C)cc(C)cc3C)c2)c(C)c1,0.78
C(C=1C=CC=CC=1)(N=CC=2C3=C(C=CC=2)C=CC=C3)=O,C1(=CC=C(C=C1)S[H])OC,C12=C(C(C(NC(C3=CC=CC=C3)=O)SC4=CC=C(OC)C=C4)=CC=C1)C=CC=C2,Cc1cc(C)c(-c2cc(-c3cc4c(c5c3OP(=O)(O)Oc3c(-c6cc(-c7c(C)cc(C)cc7C)cc(-c7c(C)cc(C)cc7C)c6)cc6c(c3-5)CCCC6)CCCC4)cc(-c3c(C)cc(C)cc3C)c2)c(C)c1,1.45
C=1(C=CC=CC=1)C=NC(C=2C=CC=CC=2)=O,C=1(S[H])C=CC=CC=1,C1(C(NC(C=2C=CC=CC=2)SC=3C=CC=CC=3)=O)=CC=CC=C1,O=P1(O)Oc2c(Cc3c4ccccc4cc4ccccc34)cc3ccccc3c2-c2c(c(Cc3c4ccccc4cc4ccccc34)cc3ccccc23)O1,0.5
C=1(C=CC=CC=1)C=NC(C=2C=CC=CC=2)=O,C1(S[H])CCCCC1,C1(C(SC2CCCCC2)NC(C3=CC=CC=C3)=O)=CC=CC=C1,O=P1(O)Oc2c(Cc3c4ccccc4cc4ccccc34)cc3ccccc3c2-c2c(c(Cc3c4ccccc4cc4ccccc34)cc3ccccc23)O1,0.29
C=1(C=CC=CC=1)C=NC(C=2C=CC=CC=2)=O,C(S[H])C,C1(C(NC(C2=CC=CC=C2)SCC)=O)=CC=CC=C1,O=P1(O)Oc2c(Cc3c4ccccc4cc4ccccc34)cc3ccccc3c2-c2c(c(Cc3c4ccccc4cc4ccccc34)cc3ccccc23)O1,0.39
C=1(C=CC=CC=1)C=NC(C=2C=CC=CC=2)=O,C1(=CC=C(C=C1)S[H])OC,C1(C(NC(C=2C=CC=CC=2)SC=3C=CC(OC)=CC=3)=O)=CC=CC=C1,O=P1(O)Oc2c(Cc3c4ccccc4cc4ccccc34)cc3ccccc3c2-c2c(c(Cc3c4ccccc4cc4ccccc34)cc3ccccc23)O1,0.56
C(C=1C=CC(=CC=1)C=NC(C2=CC=CC=C2)=O)(F)(F)F,C=1(S[H])C=CC=CC=1,C(C=1C=CC(C(SC2=CC=CC=C2)NC(C3=CC=CC=C3)=O)=CC=1)(F)(F)F,O=P1(O)Oc2c(Cc3c4ccccc4cc4ccccc34)cc3ccccc3c2-c2c(c(Cc3c4ccccc4cc4ccccc34)cc3ccccc23)O1,0.82
C(C=1C=CC(=CC=1)C=NC(C2=CC=CC=C2)=O)(F)(F)F,C1(S[H])CCCCC1,C(C1=CC=C(C(NC(C2=CC=CC=C2)=O)SC3CCCCC3)C=C1)(F)(F)F,O=P1(O)Oc2c(Cc3c4ccccc4cc4ccccc34)cc3ccccc3c2-c2c(c(Cc3c4ccccc4cc4ccccc34)cc3ccccc23)O1,0.26
C(C=1C=CC(=CC=1)C=NC(C2=CC=CC=C2)=O)(F)(F)F,C(S[H])C,C(C=1C=CC(C(SCC)NC(C2=CC=CC=C2)=O)=CC=1)(F)(F)F,O=P1(O)Oc2c(Cc3c4ccccc4cc4ccccc34)cc3ccccc3c2-c2c(c(Cc3c4ccccc4cc4ccccc34)cc3ccccc23)O1,0.37
C(C=1C=CC(=CC=1)C=NC(C2=CC=CC=C2)=O)(F)(F)F,C1(=CC=C(C=C1)S[H])OC,C(C1=CC=C(C(NC(C2=CC=CC=C2)=O)SC3=CC=C(C=C3)OC)C=C1)(F)(F)F,O=P1(O)Oc2c(Cc3c4ccccc4cc4ccccc34)cc3ccccc3c2-c2c(c(Cc3c4ccccc4cc4ccccc34)cc3ccccc23)O1,0.65
C1(=CC=C(C=C1)C=NC(C2=CC=CC=C2)=O)OC,C=1(S[H])C=CC=CC=1,C=1(C(SC2=CC=CC=C2)NC(C3=CC=CC=C3)=O)C=CC(=CC=1)OC,O=P1(O)Oc2c(Cc3c4ccccc4cc4ccccc34)cc3ccccc3c2-c2c(c(Cc3c4ccccc4cc4ccccc34)cc3ccccc23)O1,0.75
C1(=CC=C(C=C1)C=NC(C2=CC=CC=C2)=O)OC,C1(S[H])CCCCC1,C1(=CC=C(C(NC(C2=CC=CC=C2)=O)SC3CCCCC3)C=C1)OC,O=P1(O)Oc2c(Cc3c4ccccc4cc4ccccc34)cc3ccccc3c2-c2c(c(Cc3c4ccccc4cc4ccccc34)cc3ccccc23)O1,0.29
C1(=CC=C(C=C1)C=NC(C2=CC=CC=C2)=O)OC,C(S[H])C,C(C1=CC=CC=C1)(NC(C2=CC=C(OC)C=C2)SCC)=O,O=P1(O)Oc2c(Cc3c4ccccc4cc4ccccc34)cc3ccccc3c2-c2c(c(Cc3c4ccccc4cc4ccccc34)cc3ccccc23)O1,0.39
C1(=CC=C(C=C1)C=NC(C2=CC=CC=C2)=O)OC,C1(=CC=C(C=C1)S[H])OC,C1(=CC=C(C(SC2=CC=C(C=C2)OC)NC(C3=CC=CC=C3)=O)C=C1)OC,O=P1(O)Oc2c(Cc3c4ccccc4cc4ccccc34)cc3ccccc3c2-c2c(c(Cc3c4ccccc4cc4ccccc34)cc3ccccc23)O1,0.65
C(C=1C=CC=CC=1)(N=CC=2C3=C(C=CC=2)C=CC=C3)=O,C=1(S[H])C=CC=CC=1,C12=C(C(C(NC(C3=CC=CC=C3)=O)SC4=CC=CC=C4)=CC=C1)C=CC=C2,O=P1(O)Oc2c(Cc3c4ccccc4cc4ccccc34)cc3ccccc3c2-c2c(c(Cc3c4ccccc4cc4ccccc34)cc3ccccc23)O1,0.78
C(C=1C=CC=CC=1)(N=CC=2C3=C(C=CC=2)C=CC=C3)=O,C1(S[H])CCCCC1,C=1(C(NC(C2=CC=CC=C2)=O)SC3CCCCC3)C4=C(C=CC=1)C=CC=C4,O=P1(O)Oc2c(Cc3c4ccccc4cc4ccccc34)cc3ccccc3c2-c2c(c(Cc3c4ccccc4cc4ccccc34)cc3ccccc23)O1,0.22
C(C=1C=CC=CC=1)(N=CC=2C3=C(C=CC=2)C=CC=C3)=O,C(S[H])C,C12=C(C(C(NC(C3=CC=CC=C3)=O)SCC)=CC=C1)C=CC=C2,O=P1(O)Oc2c(Cc3c4ccccc4cc4ccccc34)cc3ccccc3c2-c2c(c(Cc3c4ccccc4cc4ccccc34)cc3ccccc23)O1,0.47
C(C=1C=CC=CC=1)(N=CC=2C3=C(C=CC=2)C=CC=C3)=O,C1(=CC=C(C=C1)S[H])OC,C12=C(C(C(NC(C3=CC=CC=C3)=O)SC4=CC=C(OC)C=C4)=CC=C1)C=CC=C2,O=P1(O)Oc2c(Cc3c4ccccc4cc4ccccc34)cc3ccccc3c2-c2c(c(Cc3c4ccccc4cc4ccccc34)cc3ccccc23)O1,0.75
C=1(C=CC=CC=1)C=NC(C=2C=CC=CC=2)=O,C=1(S[H])C=CC=CC=1,C1(C(NC(C=2C=CC=CC=2)SC=3C=CC=CC=3)=O)=CC=CC=C1,CC(C)c1cc(-c2ccc(C(C)(C)C)cc2)cc(C(C)C)c1-c1cc2ccccc2c2c1OP(=O)(O)Oc1c(-c3c(C(C)C)cc(-c4ccc(C(C)(C)C)cc4)cc3C(C)C)cc3ccccc3c1-2,3.14
C=1(C=CC=CC=1)C=NC(C=2C=CC=CC=2)=O,C1(S[H])CCCCC1,C1(C(SC2CCCCC2)NC(C3=CC=CC=C3)=O)=CC=CC=C1,CC(C)c1cc(-c2ccc(C(C)(C)C)cc2)cc(C(C)C)c1-c1cc2ccccc2c2c1OP(=O)(O)Oc1c(-c3c(C(C)C)cc(-c4ccc(C(C)(C)C)cc4)cc3C(C)C)cc3ccccc3c1-2,1.45
C=1(C=CC=CC=1)C=NC(C=2C=CC=CC=2)=O,C(S[H])C,C1(C(NC(C2=CC=CC=C2)SCC)=O)=CC=CC=C1,CC(C)c1cc(-c2ccc(C(C)(C)C)cc2)cc(C(C)C)c1-c1cc2ccccc2c2c1OP(=O)(O)Oc1c(-c3c(C(C)C)cc(-c4ccc(C(C)(C)C)cc4)cc3C(C)C)cc3ccccc3c1-2,1.45
C=1(C=CC=CC=1)C=NC(C=2C=CC=CC=2)=O,C1(=CC=C(C=C1)S[H])OC,C1(C(NC(C=2C=CC=CC=2)SC=3C=CC(OC)=CC=3)=O)=CC=CC=C1,CC(C)c1cc(-c2ccc(C(C)(C)C)cc2)cc(C(C)C)c1-c1cc2ccccc2c2c1OP(=O)(O)Oc1c(-c3c(C(C)C)cc(-c4ccc(C(C)(C)C)cc4)cc3C(C)C)cc3ccccc3c1-2,2.72
C(C=1C=CC(=CC=1)C=NC(C2=CC=CC=C2)=O)(F)(F)F,C=1(S[H])C=CC=CC=1,C(C=1C=CC(C(SC2=CC=CC=C2)NC(C3=CC=CC=C3)=O)=CC=1)(F)(F)F,CC(C)c1cc(-c2ccc(C(C)(C)C)cc2)cc(C(C)C)c1-c1cc2ccccc2c2c1OP(=O)(O)Oc1c(-c3c(C(C)C)cc(-c4ccc(C(C)(C)C)cc4)cc3C(C)C)cc3ccccc3c1-2,2.72
C(C=1C=CC(=CC=1)C=NC(C2=CC=CC=C2)=O)(F)(F)F,C1(S[H])CCCCC1,C(C1=CC=C(C(NC(C2=CC=CC=C2)=O)SC3CCCCC3)C=C1)(F)(F)F,CC(C)c1cc(-c2ccc(C(C)(C)C)cc2)cc(C(C)C)c1-c1cc2ccccc2c2c1OP(=O)(O)Oc1c(-c3c(C(C)C)cc(-c4ccc(C(C)(C)C)cc4)cc3C(C)C)cc3ccccc3c1-2,1.18
C(C=1C=CC(=CC=1)C=NC(C2=CC=CC=C2)=O)(F)(F)F,C(S[H])C,C(C=1C=CC(C(SCC)NC(C2=CC=CC=C2)=O)=CC=1)(F)(F)F,CC(C)c1cc(-c2ccc(C(C)(C)C)cc2)cc(C(C)C)c1-c1cc2ccccc2c2c1OP(=O)(O)Oc1c(-c3c(C(C)C)cc(-c4ccc(C(C)(C)C)cc4)cc3C(C)C)cc3ccccc3c1-2,1.24
C(C=1C=CC(=CC=1)C=NC(C2=CC=CC=C2)=O)(F)(F)F,C1(=CC=C(C=C1)S[H])OC,C(C1=CC=C(C(NC(C2=CC=CC=C2)=O)SC3=CC=C(C=C3)OC)C=C1)(F)(F)F,CC(C)c1cc(-c2ccc(C(C)(C)C)cc2)cc(C(C)C)c1-c1cc2ccccc2c2c1OP(=O)(O)Oc1c(-c3c(C(C)C)cc(-c4ccc(C(C)(C)C)cc4)cc3C(C)C)cc3ccccc3c1-2,2.72
C1(=CC=C(C=C1)C=NC(C2=CC=CC=C2)=O)OC,C=1(S[H])C=CC=CC=1,C=1(C(SC2=CC=CC=C2)NC(C3=CC=CC=C3)=O)C=CC(=CC=1)OC,CC(C)c1cc(-c2ccc(C(C)(C)C)cc2)cc(C(C)C)c1-c1cc2ccccc2c2c1OP(=O)(O)Oc1c(-c3c(C(C)C)cc(-c4ccc(C(C)(C)C)cc4)cc3C(C)C)cc3ccccc3c1-2,3.14
C1(=CC=C(C=C1)C=NC(C2=CC=CC=C2)=O)OC,C1(S[H])CCCCC1,C1(=CC=C(C(NC(C2=CC=CC=C2)=O)SC3CCCCC3)C=C1)OC,CC(C)c1cc(-c2ccc(C(C)(C)C)cc2)cc(C(C)C)c1-c1cc2ccccc2c2c1OP(=O)(O)Oc1c(-c3c(C(C)C)cc(-c4ccc(C(C)(C)C)cc4)cc3C(C)C)cc3ccccc3c1-2,1.24
C1(=CC=C(C=C1)C=NC(C2=CC=CC=C2)=O)OC,C(S[H])C,C(C1=CC=CC=C1)(NC(C2=CC=C(OC)C=C2)SCC)=O,CC(C)c1cc(-c2ccc(C(C)(C)C)cc2)cc(C(C)C)c1-c1cc2ccccc2c2c1OP(=O)(O)Oc1c(-c3c(C(C)C)cc(-c4ccc(C(C)(C)C)cc4)cc3C(C)C)cc3ccccc3c1-2,1.3
C1(=CC=C(C=C1)C=NC(C2=CC=CC=C2)=O)OC,C1(=CC=C(C=C1)S[H])OC,C1(=CC=C(C(SC2=CC=C(C=C2)OC)NC(C3=CC=CC=C3)=O)C=C1)OC,CC(C)c1cc(-c2ccc(C(C)(C)C)cc2)cc(C(C)C)c1-c1cc2ccccc2c2c1OP(=O)(O)Oc1c(-c3c(C(C)C)cc(-c4ccc(C(C)(C)C)cc4)cc3C(C)C)cc3ccccc3c1-2,3.14
C(C=1C=CC=CC=1)(N=CC=2C3=C(C=CC=2)C=CC=C3)=O,C=1(S[H])C=CC=CC=1,C12=C(C(C(NC(C3=CC=CC=C3)=O)SC4=CC=CC=C4)=CC=C1)C=CC=C2,CC(C)c1cc(-c2ccc(C(C)(C)C)cc2)cc(C(C)C)c1-c1cc2ccccc2c2c1OP(=O)(O)Oc1c(-c3c(C(C)C)cc(-c4ccc(C(C)(C)C)cc4)cc3C(C)C)cc3ccccc3c1-2,3.14
C(C=1C=CC=CC=1)(N=CC=2C3=C(C=CC=2)C=CC=C3)=O,C1(S[H])CCCCC1,C=1(C(NC(C2=CC=CC=C2)=O)SC3CCCCC3)C4=C(C=CC=1)C=CC=C4,CC(C)c1cc(-c2ccc(C(C)(C)C)cc2)cc(C(C)C)c1-c1cc2ccccc2c2c1OP(=O)(O)Oc1c(-c3c(C(C)C)cc(-c4ccc(C(C)(C)C)cc4)cc3C(C)C)cc3ccccc3c1-2,1.3
C(C=1C=CC=CC=1)(N=CC=2C3=C(C=CC=2)C=CC=C3)=O,C(S[H])C,C12=C(C(C(NC(C3=CC=CC=C3)=O)SCC)=CC=C1)C=CC=C2,CC(C)c1cc(-c2ccc(C(C)(C)C)cc2)cc(C(C)C)c1-c1cc2ccccc2c2c1OP(=O)(O)Oc1c(-c3c(C(C)C)cc(-c4ccc(C(C)(C)C)cc4)cc3C(C)C)cc3ccccc3c1-2,1.45
C(C=1C=CC=CC=1)(N=CC=2C3=C(C=CC=2)C=CC=C3)=O,C1(=CC=C(C=C1)S[H])OC,C12=C(C(C(NC(C3=CC=CC=C3)=O)SC4=CC=C(OC)C=C4)=CC=C1)C=CC=C2,CC(C)c1cc(-c2ccc(C(C)(C)C)cc2)cc(C(C)C)c1-c1cc2ccccc2c2c1OP(=O)(O)Oc1c(-c3c(C(C)C)cc(-c4ccc(C(C)(C)C)cc4)cc3C(C)C)cc3ccccc3c1-2,3.14
C=1(C=CC=CC=1)C=NC(C=2C=CC=CC=2)=O,C=1(S[H])C=CC=CC=1,C1(C(NC(C=2C=CC=CC=2)SC=3C=CC=CC=3)=O)=CC=CC=C1,O=P1(O)Oc2c(-c3c(Cl)cc(Cl)cc3Cl)cc3c(c2-c2c4c(cc(-c5c(Cl)cc(Cl)cc5Cl)c2O1)CCCC4)CCCC3,1.68
C=1(C=CC=CC=1)C=NC(C=2C=CC=CC=2)=O,C1(S[H])CCCCC1,C1(C(SC2CCCCC2)NC(C3=CC=CC=C3)=O)=CC=CC=C1,O=P1(O)Oc2c(-c3c(Cl)cc(Cl)cc3Cl)cc3c(c2-c2c4c(cc(-c5c(Cl)cc(Cl)cc5Cl)c2O1)CCCC4)CCCC3,1.21
C=1(C=CC=CC=1)C=NC(C=2C=CC=CC=2)=O,C(S[H])C,C1(C(NC(C2=CC=CC=C2)SCC)=O)=CC=CC=C1,O=P1(O)Oc2c(-c3c(Cl)cc(Cl)cc3Cl)cc3c(c2-c2c4c(cc(-c5c(Cl)cc(Cl)cc5Cl)c2O1)CCCC4)CCCC3,1.1
C=1(C=CC=CC=1)C=NC(C=2C=CC=CC=2)=O,C1(=CC=C(C=C1)S[H])OC,C1(C(NC(C=2C=CC=CC=2)SC=3C=CC(OC)=CC=3)=O)=CC=CC=C1,O=P1(O)Oc2c(-c3c(Cl)cc(Cl)cc3Cl)cc3c(c2-c2c4c(cc(-c5c(Cl)cc(Cl)cc5Cl)c2O1)CCCC4)CCCC3,1.96
C(C=1C=CC(=CC=1)C=NC(C2=CC=CC=C2)=O)(F)(F)F,C=1(S[H])C=CC=CC=1,C(C=1C=CC(C(SC2=CC=CC=C2)NC(C3=CC=CC=C3)=O)=CC=1)(F)(F)F,O=P1(O)Oc2c(-c3c(Cl)cc(Cl)cc3Cl)cc3c(c2-c2c4c(cc(-c5c(Cl)cc(Cl)cc5Cl)c2O1)CCCC4)CCCC3,1.58
C(C=1C=CC(=CC=1)C=NC(C2=CC=CC=C2)=O)(F)(F)F,C1(S[H])CCCCC1,C(C1=CC=C(C(NC(C2=CC=CC=C2)=O)SC3CCCCC3)C=C1)(F)(F)F,O=P1(O)Oc2c(-c3c(Cl)cc(Cl)cc3Cl)cc3c(c2-c2c4c(cc(-c5c(Cl)cc(Cl)cc5Cl)c2O1)CCCC4)CCCC3,1.15
C(C=1C=CC(=CC=1)C=NC(C2=CC=CC=C2)=O)(F)(F)F,C(S[H])C,C(C=1C=CC(C(SCC)NC(C2=CC=CC=C2)=O)=CC=1)(F)(F)F,O=P1(O)Oc2c(-c3c(Cl)cc(Cl)cc3Cl)cc3c(c2-c2c4c(cc(-c5c(Cl)cc(Cl)cc5Cl)c2O1)CCCC4)CCCC3,1.49
C(C=1C=CC(=CC=1)C=NC(C2=CC=CC=C2)=O)(F)(F)F,C1(=CC=C(C=C1)S[H])OC,C(C1=CC=C(C(NC(C2=CC=CC=C2)=O)SC3=CC=C(C=C3)OC)C=C1)(F)(F)F,O=P1(O)Oc2c(-c3c(Cl)cc(Cl)cc3Cl)cc3c(c2-c2c4c(cc(-c5c(Cl)cc(Cl)cc5Cl)c2O1)CCCC4)CCCC3,2.48
C1(=CC=C(C=C1)C=NC(C2=CC=CC=C2)=O)OC,C=1(S[H])C=CC=CC=1,C=1(C(SC2=CC=CC=C2)NC(C3=CC=CC=C3)=O)C=CC(=CC=1)OC,O=P1(O)Oc2c(-c3c(Cl)cc(Cl)cc3Cl)cc3c(c2-c2c4c(cc(-c5c(Cl)cc(Cl)cc5Cl)c2O1)CCCC4)CCCC3,1.45
C1(=CC=C(C=C1)C=NC(C2=CC=CC=C2)=O)OC,C1(S[H])CCCCC1,C1(=CC=C(C(NC(C2=CC=CC=C2)=O)SC3CCCCC3)C=C1)OC,O=P1(O)Oc2c(-c3c(Cl)cc(Cl)cc3Cl)cc3c(c2-c2c4c(cc(-c5c(Cl)cc(Cl)cc5Cl)c2O1)CCCC4)CCCC3,0.94
C1(=CC=C(C=C1)C=NC(C2=CC=CC=C2)=O)OC,C(S[H])C,C(C1=CC=CC=C1)(NC(C2=CC=C(OC)C=C2)SCC)=O,O=P1(O)Oc2c(-c3c(Cl)cc(Cl)cc3Cl)cc3c(c2-c2c4c(cc(-c5c(Cl)cc(Cl)cc5Cl)c2O1)CCCC4)CCCC3,1.37
C1(=CC=C(C=C1)C=NC(C2=CC=CC=C2)=O)OC,C1(=CC=C(C=C1)S[H])OC,C1(=CC=C(C(SC2=CC=C(C=C2)OC)NC(C3=CC=CC=C3)=O)C=C1)OC,O=P1(O)Oc2c(-c3c(Cl)cc(Cl)cc3Cl)cc3c(c2-c2c4c(cc(-c5c(Cl)cc(Cl)cc5Cl)c2O1)CCCC4)CCCC3,1.49
C(C=1C=CC=CC=1)(N=CC=2C3=C(C=CC=2)C=CC=C3)=O,C=1(S[H])C=CC=CC=1,C12=C(C(C(NC(C3=CC=CC=C3)=O)SC4=CC=CC=C4)=CC=C1)C=CC=C2,O=P1(O)Oc2c(-c3c(Cl)cc(Cl)cc3Cl)cc3c(c2-c2c4c(cc(-c5c(Cl)cc(Cl)cc5Cl)c2O1)CCCC4)CCCC3,1.74
C(C=1C=CC=CC=1)(N=CC=2C3=C(C=CC=2)C=CC=C3)=O,C1(S[H])CCCCC1,C=1(C(NC(C2=CC=CC=C2)=O)SC3CCCCC3)C4=C(C=CC=1)C=CC=C4,O=P1(O)Oc2c(-c3c(Cl)cc(Cl)cc3Cl)cc3c(c2-c2c4c(cc(-c5c(Cl)cc(Cl)cc5Cl)c2O1)CCCC4)CCCC3,0.84
C(C=1C=CC=CC=1)(N=CC=2C3=C(C=CC=2)C=CC=C3)=O,C(S[H])C,C12=C(C(C(NC(C3=CC=CC=C3)=O)SCC)=CC=C1)C=CC=C2,O=P1(O)Oc2c(-c3c(Cl)cc(Cl)cc3Cl)cc3c(c2-c2c4c(cc(-c5c(Cl)cc(Cl)cc5Cl)c2O1)CCCC4)CCCC3,1.13
C(C=1C=CC=CC=1)(N=CC=2C3=C(C=CC=2)C=CC=C3)=O,C1(=CC=C(C=C1)S[H])OC,C12=C(C(C(NC(C3=CC=CC=C3)=O)SC4=CC=C(OC)C=C4)=CC=C1)C=CC=C2,O=P1(O)Oc2c(-c3c(Cl)cc(Cl)cc3Cl)cc3c(c2-c2c4c(cc(-c5c(Cl)cc(Cl)cc5Cl)c2O1)CCCC4)CCCC3,2.06
C=1(C=CC=CC=1)C=NC(C=2C=CC=CC=2)=O,C=1(S[H])C=CC=CC=1,C1(C(NC(C=2C=CC=CC=2)SC=3C=CC=CC=3)=O)=CC=CC=C1,COc1ccc(Cc2cc3c(c4c2OP(=O)(O)Oc2c(Cc5ccc(OC)cc5)cc5c(c2-4)CCCC5)CCCC3)cc1,0.39
C=1(C=CC=CC=1)C=NC(C=2C=CC=CC=2)=O,C1(S[H])CCCCC1,C1(C(SC2CCCCC2)NC(C3=CC=CC=C3)=O)=CC=CC=C1,COc1ccc(Cc2cc3c(c4c2OP(=O)(O)Oc2c(Cc5ccc(OC)cc5)cc5c(c2-4)CCCC5)CCCC3)cc1,-0.14
C=1(C=CC=CC=1)C=NC(C=2C=CC=CC=2)=O,C(S[H])C,C1(C(NC(C2=CC=CC=C2)SCC)=O)=CC=CC=C1,COc1ccc(Cc2cc3c(c4c2OP(=O)(O)Oc2c(Cc5ccc(OC)cc5)cc5c(c2-4)CCCC5)CCCC3)cc1,-0.14
C=1(C=CC=CC=1)C=NC(C=2C=CC=CC=2)=O,C1(=CC=C(C=C1)S[H])OC,C1(C(NC(C=2C=CC=CC=2)SC=3C=CC(OC)=CC=3)=O)=CC=CC=C1,COc1ccc(Cc2cc3c(c4c2OP(=O)(O)Oc2c(Cc5ccc(OC)cc5)cc5c(c2-4)CCCC5)CCCC3)cc1,0.37
C(C=1C=CC(=CC=1)C=NC(C2=CC=CC=C2)=O)(F)(F)F,C=1(S[H])C=CC=CC=1,C(C=1C=CC(C(SC2=CC=CC=C2)NC(C3=CC=CC=C3)=O)=CC=1)(F)(F)F,COc1ccc(Cc2cc3c(c4c2OP(=O)(O)Oc2c(Cc5ccc(OC)cc5)cc5c(c2-4)CCCC5)CCCC3)cc1,0.5
C(C=1C=CC(=CC=1)C=NC(C2=CC=CC=C2)=O)(F)(F)F,C1(S[H])CCCCC1,C(C1=CC=C(C(NC(C2=CC=CC=C2)=O)SC3CCCCC3)C=C1)(F)(F)F,COc1ccc(Cc2cc3c(c4c2OP(=O)(O)Oc2c(Cc5ccc(OC)cc5)cc5c(c2-4)CCCC5)CCCC3)cc1,-0.26
C(C=1C=CC(=CC=1)C=NC(C2=CC=CC=C2)=O)(F)(F)F,C(S[H])C,C(C=1C=CC(C(SCC)NC(C2=CC=CC=C2)=O)=CC=1)(F)(F)F,COc1ccc(Cc2cc3c(c4c2OP(=O)(O)Oc2c(Cc5ccc(OC)cc5)cc5c(c2-4)CCCC5)CCCC3)cc1,-0.12
C(C=1C=CC(=CC=1)C=NC(C2=CC=CC=C2)=O)(F)(F)F,C1(=CC=C(C=C1)S[H])OC,C(C1=CC=C(C(NC(C2=CC=CC=C2)=O)SC3=CC=C(C=C3)OC)C=C1)(F)(F)F,COc1ccc(Cc2cc3c(c4c2OP(=O)(O)Oc2c(Cc5ccc(OC)cc5)cc5c(c2-4)CCCC5)CCCC3)cc1,0.26
C1(=CC=C(C=C1)C=NC(C2=CC=CC=C2)=O)OC,C=1(S[H])C=CC=CC=1,C=1(C(SC2=CC=CC=C2)NC(C3=CC=CC=C3)=O)C=CC(=CC=1)OC,COc1ccc(Cc2cc3c(c4c2OP(=O)(O)Oc2c(Cc5ccc(OC)cc5)cc5c(c2-4)CCCC5)CCCC3)cc1,0.17
C1(=CC=C(C=C1)C=NC(C2=CC=CC=C2)=O)OC,C1(S[H])CCCCC1,C1(=CC=C(C(NC(C2=CC=CC=C2)=O)SC3CCCCC3)C=C1)OC,COc1ccc(Cc2cc3c(c4c2OP(=O)(O)Oc2c(Cc5ccc(OC)cc5)cc5c(c2-4)CCCC5)CCCC3)cc1,-0.19
C1(=CC=C(C=C1)C=NC(C2=CC=CC=C2)=O)OC,C(S[H])C,C(C1=CC=CC=C1)(NC(C2=CC=C(OC)C=C2)SCC)=O,COc1ccc(Cc2cc3c(c4c2OP(=O)(O)Oc2c(Cc5ccc(OC)cc5)cc5c(c2-4)CCCC5)CCCC3)cc1,0.75
C1(=CC=C(C=C1)C=NC(C2=CC=CC=C2)=O)OC,C1(=CC=C(C=C1)S[H])OC,C1(=CC=C(C(SC2=CC=C(C=C2)OC)NC(C3=CC=CC=C3)=O)C=C1)OC,COc1ccc(Cc2cc3c(c4c2OP(=O)(O)Oc2c(Cc5ccc(OC)cc5)cc5c(c2-4)CCCC5)CCCC3)cc1,0.24
C(C=1C=CC=CC=1)(N=CC=2C3=C(C=CC=2)C=CC=C3)=O,C=1(S[H])C=CC=CC=1,C12=C(C(C(NC(C3=CC=CC=C3)=O)SC4=CC=CC=C4)=CC=C1)C=CC=C2,COc1ccc(Cc2cc3c(c4c2OP(=O)(O)Oc2c(Cc5ccc(OC)cc5)cc5c(c2-4)CCCC5)CCCC3)cc1,0.53
C(C=1C=CC=CC=1)(N=CC=2C3=C(C=CC=2)C=CC=C3)=O,C1(S[H])CCCCC1,C=1(C(NC(C2=CC=CC=C2)=O)SC3CCCCC3)C4=C(C=CC=1)C=CC=C4,COc1ccc(Cc2cc3c(c4c2OP(=O)(O)Oc2c(Cc5ccc(OC)cc5)cc5c(c2-4)CCCC5)CCCC3)cc1,-0.24
C(C=1C=CC=CC=1)(N=CC=2C3=C(C=CC=2)C=CC=C3)=O,C(S[H])C,C12=C(C(C(NC(C3=CC=CC=C3)=O)SCC)=CC=C1)C=CC=C2,COc1ccc(Cc2cc3c(c4c2OP(=O)(O)Oc2c(Cc5ccc(OC)cc5)cc5c(c2-4)CCCC5)CCCC3)cc1,0.02
C(C=1C=CC=CC=1)(N=CC=2C3=C(C=CC=2)C=CC=C3)=O,C1(=CC=C(C=C1)S[H])OC,C12=C(C(C(NC(C3=CC=CC=C3)=O)SC4=CC=C(OC)C=C4)=CC=C1)C=CC=C2,COc1ccc(Cc2cc3c(c4c2OP(=O)(O)Oc2c(Cc5ccc(OC)cc5)cc5c(c2-4)CCCC5)CCCC3)cc1,0.19
C=1(C=CC=CC=1)C=NC(C=2C=CC=CC=2)=O,C=1(S[H])C=CC=CC=1,C1(C(NC(C=2C=CC=CC=2)SC=3C=CC=CC=3)=O)=CC=CC=C1,OP1(=O)Oc2c(cc3ccccc3c2-c2c(O1)c(cc1ccccc21)-c1c2ccccc2c(-c2ccc3ccccc3c2)c2ccccc12)-c1c2ccccc2c(-c2ccc3ccccc3c2)c2ccccc12,2.31
C=1(C=CC=CC=1)C=NC(C=2C=CC=CC=2)=O,C1(S[H])CCCCC1,C1(C(SC2CCCCC2)NC(C3=CC=CC=C3)=O)=CC=CC=C1,OP1(=O)Oc2c(cc3ccccc3c2-c2c(O1)c(cc1ccccc21)-c1c2ccccc2c(-c2ccc3ccccc3c2)c2ccccc12)-c1c2ccccc2c(-c2ccc3ccccc3c2)c2ccccc12,1.13
C=1(C=CC=CC=1)C=NC(C=2C=CC=CC=2)=O,C(S[H])C,C1(C(NC(C2=CC=CC=C2)SCC)=O)=CC=CC=C1,OP1(=O)Oc2c(cc3ccccc3c2-c2c(O1)c(cc1ccccc21)-c1c2ccccc2c(-c2ccc3ccccc3c2)c2ccccc12)-c1c2ccccc2c(-c2ccc3ccccc3c2)c2ccccc12,1.13
C=1(C=CC=CC=1)C=NC(C=2C=CC=CC=2)=O,C1(=CC=C(C=C1)S[H])OC,C1(C(NC(C=2C=CC=CC=2)SC=3C=CC(OC)=CC=3)=O)=CC=CC=C1,OP1(=O)Oc2c(cc3ccccc3c2-c2c(O1)c(cc1ccccc21)-c1c2ccccc2c(-c2ccc3ccccc3c2)c2ccccc12)-c1c2ccccc2c(-c2ccc3ccccc3c2)c2ccccc12,2.06
C(C=1C=CC(=CC=1)C=NC(C2=CC=CC=C2)=O)(F)(F)F,C=1(S[H])C=CC=CC=1,C(C=1C=CC(C(SC2=CC=CC=C2)NC(C3=CC=CC=C3)=O)=CC=1)(F)(F)F,OP1(=O)Oc2c(cc3ccccc3c2-c2c(O1)c(cc1ccccc21)-c1c2ccccc2c(-c2ccc3ccccc3c2)c2ccccc12)-c1c2ccccc2c(-c2ccc3ccccc3c2)c2ccccc12,2.06
C(C=1C=CC(=CC=1)C=NC(C2=CC=CC=C2)=O)(F)(F)F,C1(S[H])CCCCC1,C(C1=CC=C(C(NC(C2=CC=CC=C2)=O)SC3CCCCC3)C=C1)(F)(F)F,OP1(=O)Oc2c(cc3ccccc3c2-c2c(O1)c(cc1ccccc21)-c1c2ccccc2c(-c2ccc3ccccc3c2)c2ccccc12)-c1c2ccccc2c(-c2ccc3ccccc3c2)c2ccccc12,1.45
C(C=1C=CC(=CC=1)C=NC(C2=CC=CC=C2)=O)(F)(F)F,C(S[H])C,C(C=1C=CC(C(SCC)NC(C2=CC=CC=C2)=O)=CC=1)(F)(F)F,OP1(=O)Oc2c(cc3ccccc3c2-c2c(O1)c(cc1ccccc21)-c1c2ccccc2c(-c2ccc3ccccc3c2)c2ccccc12)-c1c2ccccc2c(-c2ccc3ccccc3c2)c2ccccc12,1.3
C(C=1C=CC(=CC=1)C=NC(C2=CC=CC=C2)=O)(F)(F)F,C1(=CC=C(C=C1)S[H])OC,C(C1=CC=C(C(NC(C2=CC=CC=C2)=O)SC3=CC=C(C=C3)OC)C=C1)(F)(F)F,OP1(=O)Oc2c(cc3ccccc3c2-c2c(O1)c(cc1ccccc21)-c1c2ccccc2c(-c2ccc3ccccc3c2)c2ccccc12)-c1c2ccccc2c(-c2ccc3ccccc3c2)c2ccccc12,2.31
C1(=CC=C(C=C1)C=NC(C2=CC=CC=C2)=O)OC,C=1(S[H])C=CC=CC=1,C=1(C(SC2=CC=CC=C2)NC(C3=CC=CC=C3)=O)C=CC(=CC=1)OC,OP1(=O)Oc2c(cc3ccccc3c2-c2c(O1)c(cc1ccccc21)-c1c2ccccc2c(-c2ccc3ccccc3c2)c2ccccc12)-c1c2ccccc2c(-c2ccc3ccccc3c2)c2ccccc12,2.31
C1(=CC=C(C=C1)C=NC(C2=CC=CC=C2)=O)OC,C1(S[H])CCCCC1,C1(=CC=C(C(NC(C2=CC=CC=C2)=O)SC3CCCCC3)C=C1)OC,OP1(=O)Oc2c(cc3ccccc3c2-c2c(O1)c(cc1ccccc21)-c1c2ccccc2c(-c2ccc3ccccc3c2)c2ccccc12)-c1c2ccccc2c(-c2ccc3ccccc3c2)c2ccccc12,1.18
C1(=CC=C(C=C1)C=NC(C2=CC=CC=C2)=O)OC,C(S[H])C,C(C1=CC=CC=C1)(NC(C2=CC=C(OC)C=C2)SCC)=O,OP1(=O)Oc2c(cc3ccccc3c2-c2c(O1)c(cc1ccccc21)-c1c2ccccc2c(-c2ccc3ccccc3c2)c2ccccc12)-c1c2ccccc2c(-c2ccc3ccccc3c2)c2ccccc12,1.3
C1(=CC=C(C=C1)C=NC(C2=CC=CC=C2)=O)OC,C1(=CC=C(C=C1)S[H])OC,C1(=CC=C(C(SC2=CC=C(C=C2)OC)NC(C3=CC=CC=C3)=O)C=C1)OC,OP1(=O)Oc2c(cc3ccccc3c2-c2c(O1)c(cc1ccccc21)-c1c2ccccc2c(-c2ccc3ccccc3c2)c2ccccc12)-c1c2ccccc2c(-c2ccc3ccccc3c2)c2ccccc12,2.31
C(C=1C=CC=CC=1)(N=CC=2C3=C(C=CC=2)C=CC=C3)=O,C=1(S[H])C=CC=CC=1,C12=C(C(C(NC(C3=CC=CC=C3)=O)SC4=CC=CC=C4)=CC=C1)C=CC=C2,OP1(=O)Oc2c(cc3ccccc3c2-c2c(O1)c(cc1ccccc21)-c1c2ccccc2c(-c2ccc3ccccc3c2)c2ccccc12)-c1c2ccccc2c(-c2ccc3ccccc3c2)c2ccccc12,3.14
C(C=1C=CC=CC=1)(N=CC=2C3=C(C=CC=2)C=CC=C3)=O,C1(S[H])CCCCC1,C=1(C(NC(C2=CC=CC=C2)=O)SC3CCCCC3)C4=C(C=CC=1)C=CC=C4,OP1(=O)Oc2c(cc3ccccc3c2-c2c(O1)c(cc1ccccc21)-c1c2ccccc2c(-c2ccc3ccccc3c2)c2ccccc12)-c1c2ccccc2c(-c2ccc3ccccc3c2)c2ccccc12,1.08
C(C=1C=CC=CC=1)(N=CC=2C3=C(C=CC=2)C=CC=C3)=O,C(S[H])C,C12=C(C(C(NC(C3=CC=CC=C3)=O)SCC)=CC=C1)C=CC=C2,OP1(=O)Oc2c(cc3ccccc3c2-c2c(O1)c(cc1ccccc21)-c1c2ccccc2c(-c2ccc3ccccc3c2)c2ccccc12)-c1c2ccccc2c(-c2ccc3ccccc3c2)c2ccccc12,1.18
C(C=1C=CC=CC=1)(N=CC=2C3=C(C=CC=2)C=CC=C3)=O,C1(=CC=C(C=C1)S[H])OC,C12=C(C(C(NC(C3=CC=CC=C3)=O)SC4=CC=C(OC)C=C4)=CC=C1)C=CC=C2,OP1(=O)Oc2c(cc3ccccc3c2-c2c(O1)c(cc1ccccc21)-c1c2ccccc2c(-c2ccc3ccccc3c2)c2ccccc12)-c1c2ccccc2c(-c2ccc3ccccc3c2)c2ccccc12,3.14
C=1(C=CC=CC=1)C=NC(C=2C=CC=CC=2)=O,C=1(S[H])C=CC=CC=1,C1(C(NC(C=2C=CC=CC=2)SC=3C=CC=CC=3)=O)=CC=CC=C1,CCc1cc2c(c3c1OP(=O)(O)Oc1c(CC)cc4c(c1-3)CCCC4)CCCC2,0.26
C=1(C=CC=CC=1)C=NC(C=2C=CC=CC=2)=O,C1(S[H])CCCCC1,C1(C(SC2CCCCC2)NC(C3=CC=CC=C3)=O)=CC=CC=C1,CCc1cc2c(c3c1OP(=O)(O)Oc1c(CC)cc4c(c1-3)CCCC4)CCCC2,-0.12
C=1(C=CC=CC=1)C=NC(C=2C=CC=CC=2)=O,C(S[H])C,C1(C(NC(C2=CC=CC=C2)SCC)=O)=CC=CC=C1,CCc1cc2c(c3c1OP(=O)(O)Oc1c(CC)cc4c(c1-3)CCCC4)CCCC2,0.0
C=1(C=CC=CC=1)C=NC(C=2C=CC=CC=2)=O,C1(=CC=C(C=C1)S[H])OC,C1(C(NC(C=2C=CC=CC=2)SC=3C=CC(OC)=CC=3)=O)=CC=CC=C1,CCc1cc2c(c3c1OP(=O)(O)Oc1c(CC)cc4c(c1-3)CCCC4)CCCC2,0.12
C(C=1C=CC(=CC=1)C=NC(C2=CC=CC=C2)=O)(F)(F)F,C=1(S[H])C=CC=CC=1,C(C=1C=CC(C(SC2=CC=CC=C2)NC(C3=CC=CC=C3)=O)=CC=1)(F)(F)F,CCc1cc2c(c3c1OP(=O)(O)Oc1c(CC)cc4c(c1-3)CCCC4)CCCC2,0.24
C(C=1C=CC(=CC=1)C=NC(C2=CC=CC=C2)=O)(F)(F)F,C1(S[H])CCCCC1,C(C1=CC=C(C(NC(C2=CC=CC=C2)=O)SC3CCCCC3)C=C1)(F)(F)F,CCc1cc2c(c3c1OP(=O)(O)Oc1c(CC)cc4c(c1-3)CCCC4)CCCC2,-0.12
C(C=1C=CC(=CC=1)C=NC(C2=CC=CC=C2)=O)(F)(F)F,C(S[H])C,C(C=1C=CC(C(SCC)NC(C2=CC=CC=C2)=O)=CC=1)(F)(F)F,CCc1cc2c(c3c1OP(=O)(O)Oc1c(CC)cc4c(c1-3)CCCC4)CCCC2,0.02
C(C=1C=CC(=CC=1)C=NC(C2=CC=CC=C2)=O)(F)(F)F,C1(=CC=C(C=C1)S[H])OC,C(C1=CC=C(C(NC(C2=CC=CC=C2)=O)SC3=CC=C(C=C3)OC)C=C1)(F)(F)F,CCc1cc2c(c3c1OP(=O)(O)Oc1c(CC)cc4c(c1-3)CCCC4)CCCC2,0.26
C1(=CC=C(C=C1)C=NC(C2=CC=CC=C2)=O)OC,C=1(S[H])C=CC=CC=1,C=1(C(SC2=CC=CC=C2)NC(C3=CC=CC=C3)=O)C=CC(=CC=1)OC,CCc1cc2c(c3c1OP(=O)(O)Oc1c(CC)cc4c(c1-3)CCCC4)CCCC2,0.24
C1(=CC=C(C=C1)C=NC(C2=CC=CC=C2)=O)OC,C1(S[H])CCCCC1,C1(=CC=C(C(NC(C2=CC=CC=C2)=O)SC3CCCCC3)C=C1)OC,CCc1cc2c(c3c1OP(=O)(O)Oc1c(CC)cc4c(c1-3)CCCC4)CCCC2,-0.09
C1(=CC=C(C=C1)C=NC(C2=CC=CC=C2)=O)OC,C(S[H])C,C(C1=CC=CC=C1)(NC(C2=CC=C(OC)C=C2)SCC)=O,CCc1cc2c(c3c1OP(=O)(O)Oc1c(CC)cc4c(c1-3)CCCC4)CCCC2,-0.05
C1(=CC=C(C=C1)C=NC(C2=CC=CC=C2)=O)OC,C1(=CC=C(C=C1)S[H])OC,C1(=CC=C(C(SC2=CC=C(C=C2)OC)NC(C3=CC=CC=C3)=O)C=C1)OC,CCc1cc2c(c3c1OP(=O)(O)Oc1c(CC)cc4c(c1-3)CCCC4)CCCC2,0.29
C(C=1C=CC=CC=1)(N=CC=2C3=C(C=CC=2)C=CC=C3)=O,C=1(S[H])C=CC=CC=1,C12=C(C(C(NC(C3=CC=CC=C3)=O)SC4=CC=CC=C4)=CC=C1)C=CC=C2,CCc1cc2c(c3c1OP(=O)(O)Oc1c(CC)cc4c(c1-3)CCCC4)CCCC2,0.68
C(C=1C=CC=CC=1)(N=CC=2C3=C(C=CC=2)C=CC=C3)=O,C1(S[H])CCCCC1,C=1(C(NC(C2=CC=CC=C2)=O)SC3CCCCC3)C4=C(C=CC=1)C=CC=C4,CCc1cc2c(c3c1OP(=O)(O)Oc1c(CC)cc4c(c1-3)CCCC4)CCCC2,-0.07
C(C=1C=CC=CC=1)(N=CC=2C3=C(C=CC=2)C=CC=C3)=O,C(S[H])C,C12=C(C(C(NC(C3=CC=CC=C3)=O)SCC)=CC=C1)C=CC=C2,CCc1cc2c(c3c1OP(=O)(O)Oc1c(CC)cc4c(c1-3)CCCC4)CCCC2,0.14
C(C=1C=CC=CC=1)(N=CC=2C3=C(C=CC=2)C=CC=C3)=O,C1(=CC=C(C=C1)S[H])OC,C12=C(C(C(NC(C3=CC=CC=C3)=O)SC4=CC=C(OC)C=C4)=CC=C1)C=CC=C2,CCc1cc2c(c3c1OP(=O)(O)Oc1c(CC)cc4c(c1-3)CCCC4)CCCC2,0.34
C=1(C=CC=CC=1)C=NC(C=2C=CC=CC=2)=O,C=1(S[H])C=CC=CC=1,C1(C(NC(C=2C=CC=CC=2)SC=3C=CC=CC=3)=O)=CC=CC=C1,O=P1(O)Oc2c(-c3cc(-c4cc(C(F)(F)F)cc(C(F)(F)F)c4)cc(-c4cc(C(F)(F)F)cc(C(F)(F)F)c4)c3)cc3ccccc3c2-c2c(c(-c3cc(-c4cc(C(F)(F)F)cc(C(F)(F)F)c4)cc(-c4cc(C(F)(F)F)cc(C(F)(F)F)c4)c3)cc3ccccc23)O1,1.45
C=1(C=CC=CC=1)C=NC(C=2C=CC=CC=2)=O,C1(S[H])CCCCC1,C1(C(SC2CCCCC2)NC(C3=CC=CC=C3)=O)=CC=CC=C1,O=P1(O)Oc2c(-c3cc(-c4cc(C(F)(F)F)cc(C(F)(F)F)c4)cc(-c4cc(C(F)(F)F)cc(C(F)(F)F)c4)c3)cc3ccccc3c2-c2c(c(-c3cc(-c4cc(C(F)(F)F)cc(C(F)(F)F)c4)cc(-c4cc(C(F)(F)F)cc(C(F)(F)F)c4)c3)cc3ccccc23)O1,0.5
C=1(C=CC=CC=1)C=NC(C=2C=CC=CC=2)=O,C(S[H])C,C1(C(NC(C2=CC=CC=C2)SCC)=O)=CC=CC=C1,O=P1(O)Oc2c(-c3cc(-c4cc(C(F)(F)F)cc(C(F)(F)F)c4)cc(-c4cc(C(F)(F)F)cc(C(F)(F)F)c4)c3)cc3ccccc3c2-c2c(c(-c3cc(-c4cc(C(F)(F)F)cc(C(F)(F)F)c4)cc(-c4cc(C(F)(F)F)cc(C(F)(F)F)c4)c3)cc3ccccc23)O1,0.53
C=1(C=CC=CC=1)C=NC(C=2C=CC=CC=2)=O,C1(=CC=C(C=C1)S[H])OC,C1(C(NC(C=2C=CC=CC=2)SC=3C=CC(OC)=CC=3)=O)=CC=CC=C1,O=P1(O)Oc2c(-c3cc(-c4cc(C(F)(F)F)cc(C(F)(F)F)c4)cc(-c4cc(C(F)(F)F)cc(C(F)(F)F)c4)c3)cc3ccccc3c2-c2c(c(-c3cc(-c4cc(C(F)(F)F)cc(C(F)(F)F)c4)cc(-c4cc(C(F)(F)F)cc(C(F)(F)F)c4)c3)cc3ccccc23)O1,1.3
C(C=1C=CC(=CC=1)C=NC(C2=CC=CC=C2)=O)(F)(F)F,C=1(S[H])C=CC=CC=1,C(C=1C=CC(C(SC2=CC=CC=C2)NC(C3=CC=CC=C3)=O)=CC=1)(F)(F)F,O=P1(O)Oc2c(-c3cc(-c4cc(C(F)(F)F)cc(C(F)(F)F)c4)cc(-c4cc(C(F)(F)F)cc(C(F)(F)F)c4)c3)cc3ccccc3c2-c2c(c(-c3cc(-c4cc(C(F)(F)F)cc(C(F)(F)F)c4)cc(-c4cc(C(F)(F)F)cc(C(F)(F)F)c4)c3)cc3ccccc23)O1,1.45
C(C=1C=CC(=CC=1)C=NC(C2=CC=CC=C2)=O)(F)(F)F,C1(S[H])CCCCC1,C(C1=CC=C(C(NC(C2=CC=CC=C2)=O)SC3CCCCC3)C=C1)(F)(F)F,O=P1(O)Oc2c(-c3cc(-c4cc(C(F)(F)F)cc(C(F)(F)F)c4)cc(-c4cc(C(F)(F)F)cc(C(F)(F)F)c4)c3)cc3ccccc3c2-c2c(c(-c3cc(-c4cc(C(F)(F)F)cc(C(F)(F)F)c4)cc(-c4cc(C(F)(F)F)cc(C(F)(F)F)c4)c3)cc3ccccc23)O1,0.75
C(C=1C=CC(=CC=1)C=NC(C2=CC=CC=C2)=O)(F)(F)F,C(S[H])C,C(C=1C=CC(C(SCC)NC(C2=CC=CC=C2)=O)=CC=1)(F)(F)F,O=P1(O)Oc2c(-c3cc(-c4cc(C(F)(F)F)cc(C(F)(F)F)c4)cc(-c4cc(C(F)(F)F)cc(C(F)(F)F)c4)c3)cc3ccccc3c2-c2c(c(-c3cc(-c4cc(C(F)(F)F)cc(C(F)(F)F)c4)cc(-c4cc(C(F)(F)F)cc(C(F)(F)F)c4)c3)cc3ccccc23)O1,0.82
C(C=1C=CC(=CC=1)C=NC(C2=CC=CC=C2)=O)(F)(F)F,C1(=CC=C(C=C1)S[H])OC,C(C1=CC=C(C(NC(C2=CC=CC=C2)=O)SC3=CC=C(C=C3)OC)C=C1)(F)(F)F,O=P1(O)Oc2c(-c3cc(-c4cc(C(F)(F)F)cc(C(F)(F)F)c4)cc(-c4cc(C(F)(F)F)cc(C(F)(F)F)c4)c3)cc3ccccc3c2-c2c(c(-c3cc(-c4cc(C(F)(F)F)cc(C(F)(F)F)c4)cc(-c4cc(C(F)(F)F)cc(C(F)(F)F)c4)c3)cc3ccccc23)O1,1.37
C1(=CC=C(C=C1)C=NC(C2=CC=CC=C2)=O)OC,C=1(S[H])C=CC=CC=1,C=1(C(SC2=CC=CC=C2)NC(C3=CC=CC=C3)=O)C=CC(=CC=1)OC,O=P1(O)Oc2c(-c3cc(-c4cc(C(F)(F)F)cc(C(F)(F)F)c4)cc(-c4cc(C(F)(F)F)cc(C(F)(F)F)c4)c3)cc3ccccc3c2-c2c(c(-c3cc(-c4cc(C(F)(F)F)cc(C(F)(F)F)c4)cc(-c4cc(C(F)(F)F)cc(C(F)(F)F)c4)c3)cc3ccccc23)O1,1.53
C1(=CC=C(C=C1)C=NC(C2=CC=CC=C2)=O)OC,C1(S[H])CCCCC1,C1(=CC=C(C(NC(C2=CC=CC=C2)=O)SC3CCCCC3)C=C1)OC,O=P1(O)Oc2c(-c3cc(-c4cc(C(F)(F)F)cc(C(F)(F)F)c4)cc(-c4cc(C(F)(F)F)cc(C(F)(F)F)c4)c3)cc3ccccc3c2-c2c(c(-c3cc(-c4cc(C(F)(F)F)cc(C(F)(F)F)c4)cc(-c4cc(C(F)(F)F)cc(C(F)(F)F)c4)c3)cc3ccccc23)O1,0.82
C1(=CC=C(C=C1)C=NC(C2=CC=CC=C2)=O)OC,C(S[H])C,C(C1=CC=CC=C1)(NC(C2=CC=C(OC)C=C2)SCC)=O,O=P1(O)Oc2c(-c3cc(-c4cc(C(F)(F)F)cc(C(F)(F)F)c4)cc(-c4cc(C(F)(F)F)cc(C(F)(F)F)c4)c3)cc3ccccc3c2-c2c(c(-c3cc(-c4cc(C(F)(F)F)cc(C(F)(F)F)c4)cc(-c4cc(C(F)(F)F)cc(C(F)(F)F)c4)c3)cc3ccccc23)O1,0.86
C1(=CC=C(C=C1)C=NC(C2=CC=CC=C2)=O)OC,C1(=CC=C(C=C1)S[H])OC,C1(=CC=C(C(SC2=CC=C(C=C2)OC)NC(C3=CC=CC=C3)=O)C=C1)OC,O=P1(O)Oc2c(-c3cc(-c4cc(C(F)(F)F)cc(C(F)(F)F)c4)cc(-c4cc(C(F)(F)F)cc(C(F)(F)F)c4)c3)cc3ccccc3c2-c2c(c(-c3cc(-c4cc(C(F)(F)F)cc(C(F)(F)F)c4)cc(-c4cc(C(F)(F)F)cc(C(F)(F)F)c4)c3)cc3ccccc23)O1,1.45
C(C=1C=CC=CC=1)(N=CC=2C3=C(C=CC=2)C=CC=C3)=O,C=1(S[H])C=CC=CC=1,C12=C(C(C(NC(C3=CC=CC=C3)=O)SC4=CC=CC=C4)=CC=C1)C=CC=C2,O=P1(O)Oc2c(-c3cc(-c4cc(C(F)(F)F)cc(C(F)(F)F)c4)cc(-c4cc(C(F)(F)F)cc(C(F)(F)F)c4)c3)cc3ccccc3c2-c2c(c(-c3cc(-c4cc(C(F)(F)F)cc(C(F)(F)F)c4)cc(-c4cc(C(F)(F)F)cc(C(F)(F)F)c4)c3)cc3ccccc23)O1,1.45
C(C=1C=CC=CC=1)(N=CC=2C3=C(C=CC=2)C=CC=C3)=O,C1(S[H])CCCCC1,C=1(C(NC(C2=CC=CC=C2)=O)SC3CCCCC3)C4=C(C=CC=1)C=CC=C4,O=P1(O)Oc2c(-c3cc(-c4cc(C(F)(F)F)cc(C(F)(F)F)c4)cc(-c4cc(C(F)(F)F)cc(C(F)(F)F)c4)c3)cc3ccccc3c2-c2c(c(-c3cc(-c4cc(C(F)(F)F)cc(C(F)(F)F)c4)cc(-c4cc(C(F)(F)F)cc(C(F)(F)F)c4)c3)cc3ccccc23)O1,0.45
C(C=1C=CC=CC=1)(N=CC=2C3=C(C=CC=2)C=CC=C3)=O,C(S[H])C,C12=C(C(C(NC(C3=CC=CC=C3)=O)SCC)=CC=C1)C=CC=C2,O=P1(O)Oc2c(-c3cc(-c4cc(C(F)(F)F)cc(C(F)(F)F)c4)cc(-c4cc(C(F)(F)F)cc(C(F)(F)F)c4)c3)cc3ccccc3c2-c2c(c(-c3cc(-c4cc(C(F)(F)F)cc(C(F)(F)F)c4)cc(-c4cc(C(F)(F)F)cc(C(F)(F)F)c4)c3)cc3ccccc23)O1,0.82
C(C=1C=CC=CC=1)(N=CC=2C3=C(C=CC=2)C=CC=C3)=O,C1(=CC=C(C=C1)S[H])OC,C12=C(C(C(NC(C3=CC=CC=C3)=O)SC4=CC=C(OC)C=C4)=CC=C1)C=CC=C2,O=P1(O)Oc2c(-c3cc(-c4cc(C(F)(F)F)cc(C(F)(F)F)c4)cc(-c4cc(C(F)(F)F)cc(C(F)(F)F)c4)c3)cc3ccccc3c2-c2c(c(-c3cc(-c4cc(C(F)(F)F)cc(C(F)(F)F)c4)cc(-c4cc(C(F)(F)F)cc(C(F)(F)F)c4)c3)cc3ccccc23)O1,1.37
C=1(C=CC=CC=1)C=NC(C=2C=CC=CC=2)=O,C=1(S[H])C=CC=CC=1,C1(C(NC(C=2C=CC=CC=2)SC=3C=CC=CC=3)=O)=CC=CC=C1,O=P1(O)Oc2c(-c3ccc(S(F)(F)(F)(F)F)cc3)cc3ccccc3c2-c2c(c(-c3ccc(S(F)(F)(F)(F)F)cc3)cc3ccccc23)O1,0.98
C=1(C=CC=CC=1)C=NC(C=2C=CC=CC=2)=O,C1(S[H])CCCCC1,C1(C(SC2CCCCC2)NC(C3=CC=CC=C3)=O)=CC=CC=C1,O=P1(O)Oc2c(-c3ccc(S(F)(F)(F)(F)F)cc3)cc3ccccc3c2-c2c(c(-c3ccc(S(F)(F)(F)(F)F)cc3)cc3ccccc23)O1,0.59
C=1(C=CC=CC=1)C=NC(C=2C=CC=CC=2)=O,C(S[H])C,C1(C(NC(C2=CC=CC=C2)SCC)=O)=CC=CC=C1,O=P1(O)Oc2c(-c3ccc(S(F)(F)(F)(F)F)cc3)cc3ccccc3c2-c2c(c(-c3ccc(S(F)(F)(F)(F)F)cc3)cc3ccccc23)O1,0.56
C=1(C=CC=CC=1)C=NC(C=2C=CC=CC=2)=O,C1(=CC=C(C=C1)S[H])OC,C1(C(NC(C=2C=CC=CC=2)SC=3C=CC(OC)=CC=3)=O)=CC=CC=C1,O=P1(O)Oc2c(-c3ccc(S(F)(F)(F)(F)F)cc3)cc3ccccc3c2-c2c(c(-c3ccc(S(F)(F)(F)(F)F)cc3)cc3ccccc23)O1,1.18
C(C=1C=CC(=CC=1)C=NC(C2=CC=CC=C2)=O)(F)(F)F,C=1(S[H])C=CC=CC=1,C(C=1C=CC(C(SC2=CC=CC=C2)NC(C3=CC=CC=C3)=O)=CC=1)(F)(F)F,O=P1(O)Oc2c(-c3ccc(S(F)(F)(F)(F)F)cc3)cc3ccccc3c2-c2c(c(-c3ccc(S(F)(F)(F)(F)F)cc3)cc3ccccc23)O1,1.13
C(C=1C=CC(=CC=1)C=NC(C2=CC=CC=C2)=O)(F)(F)F,C1(S[H])CCCCC1,C(C1=CC=C(C(NC(C2=CC=CC=C2)=O)SC3CCCCC3)C=C1)(F)(F)F,O=P1(O)Oc2c(-c3ccc(S(F)(F)(F)(F)F)cc3)cc3ccccc3c2-c2c(c(-c3ccc(S(F)(F)(F)(F)F)cc3)cc3ccccc23)O1,0.53
C(C=1C=CC(=CC=1)C=NC(C2=CC=CC=C2)=O)(F)(F)F,C(S[H])C,C(C=1C=CC(C(SCC)NC(C2=CC=CC=C2)=O)=CC=1)(F)(F)F,O=P1(O)Oc2c(-c3ccc(S(F)(F)(F)(F)F)cc3)cc3ccccc3c2-c2c(c(-c3ccc(S(F)(F)(F)(F)F)cc3)cc3ccccc23)O1,0.59
C(C=1C=CC(=CC=1)C=NC(C2=CC=CC=C2)=O)(F)(F)F,C1(=CC=C(C=C1)S[H])OC,C(C1=CC=C(C(NC(C2=CC=CC=C2)=O)SC3=CC=C(C=C3)OC)C=C1)(F)(F)F,O=P1(O)Oc2c(-c3ccc(S(F)(F)(F)(F)F)cc3)cc3ccccc3c2-c2c(c(-c3ccc(S(F)(F)(F)(F)F)cc3)cc3ccccc23)O1,0.98
C1(=CC=C(C=C1)C=NC(C2=CC=CC=C2)=O)OC,C=1(S[H])C=CC=CC=1,C=1(C(SC2=CC=CC=C2)NC(C3=CC=CC=C3)=O)C=CC(=CC=1)OC,O=P1(O)Oc2c(-c3ccc(S(F)(F)(F)(F)F)cc3)cc3ccccc3c2-c2c(c(-c3ccc(S(F)(F)(F)(F)F)cc3)cc3ccccc23)O1,1.24
C1(=CC=C(C=C1)C=NC(C2=CC=CC=C2)=O)OC,C1(S[H])CCCCC1,C1(=CC=C(C(NC(C2=CC=CC=C2)=O)SC3CCCCC3)C=C1)OC,O=P1(O)Oc2c(-c3ccc(S(F)(F)(F)(F)F)cc3)cc3ccccc3c2-c2c(c(-c3ccc(S(F)(F)(F)(F)F)cc3)cc3ccccc23)O1,0.45
C1(=CC=C(C=C1)C=NC(C2=CC=CC=C2)=O)OC,C(S[H])C,C(C1=CC=CC=C1)(NC(C2=CC=C(OC)C=C2)SCC)=O,O=P1(O)Oc2c(-c3ccc(S(F)(F)(F)(F)F)cc3)cc3ccccc3c2-c2c(c(-c3ccc(S(F)(F)(F)(F)F)cc3)cc3ccccc23)O1,0.68
C1(=CC=C(C=C1)C=NC(C2=CC=CC=C2)=O)OC,C1(=CC=C(C=C1)S[H])OC,C1(=CC=C(C(SC2=CC=C(C=C2)OC)NC(C3=CC=CC=C3)=O)C=C1)OC,O=P1(O)Oc2c(-c3ccc(S(F)(F)(F)(F)F)cc3)cc3ccccc3c2-c2c(c(-c3ccc(S(F)(F)(F)(F)F)cc3)cc3ccccc23)O1,1.18
C(C=1C=CC=CC=1)(N=CC=2C3=C(C=CC=2)C=CC=C3)=O,C=1(S[H])C=CC=CC=1,C12=C(C(C(NC(C3=CC=CC=C3)=O)SC4=CC=CC=C4)=CC=C1)C=CC=C2,O=P1(O)Oc2c(-c3ccc(S(F)(F)(F)(F)F)cc3)cc3ccccc3c2-c2c(c(-c3ccc(S(F)(F)(F)(F)F)cc3)cc3ccccc23)O1,1.18
C(C=1C=CC=CC=1)(N=CC=2C3=C(C=CC=2)C=CC=C3)=O,C1(S[H])CCCCC1,C=1(C(NC(C2=CC=CC=C2)=O)SC3CCCCC3)C4=C(C=CC=1)C=CC=C4,O=P1(O)Oc2c(-c3ccc(S(F)(F)(F)(F)F)cc3)cc3ccccc3c2-c2c(c(-c3ccc(S(F)(F)(F)(F)F)cc3)cc3ccccc23)O1,0.42
C(C=1C=CC=CC=1)(N=CC=2C3=C(C=CC=2)C=CC=C3)=O,C(S[H])C,C12=C(C(C(NC(C3=CC=CC=C3)=O)SCC)=CC=C1)C=CC=C2,O=P1(O)Oc2c(-c3ccc(S(F)(F)(F)(F)F)cc3)cc3ccccc3c2-c2c(c(-c3ccc(S(F)(F)(F)(F)F)cc3)cc3ccccc23)O1,0.59
C(C=1C=CC=CC=1)(N=CC=2C3=C(C=CC=2)C=CC=C3)=O,C1(=CC=C(C=C1)S[H])OC,C12=C(C(C(NC(C3=CC=CC=C3)=O)SC4=CC=C(OC)C=C4)=CC=C1)C=CC=C2,O=P1(O)Oc2c(-c3ccc(S(F)(F)(F)(F)F)cc3)cc3ccccc3c2-c2c(c(-c3ccc(S(F)(F)(F)(F)F)cc3)cc3ccccc23)O1,1.13
C=1(C=CC=CC=1)C=NC(C=2C=CC=CC=2)=O,C=1(S[H])C=CC=CC=1,C1(C(NC(C=2C=CC=CC=2)SC=3C=CC=CC=3)=O)=CC=CC=C1,O=P1(O)Oc2c(-c3ccccc3-c3ccc4ccccc4c3)cc3c(c2-c2c4c(cc(-c5ccccc5-c5ccc6ccccc6c5)c2O1)CCCC4)CCCC3,1.74
C=1(C=CC=CC=1)C=NC(C=2C=CC=CC=2)=O,C1(S[H])CCCCC1,C1(C(SC2CCCCC2)NC(C3=CC=CC=C3)=O)=CC=CC=C1,O=P1(O)Oc2c(-c3ccccc3-c3ccc4ccccc4c3)cc3c(c2-c2c4c(cc(-c5ccccc5-c5ccc6ccccc6c5)c2O1)CCCC4)CCCC3,0.82
C=1(C=CC=CC=1)C=NC(C=2C=CC=CC=2)=O,C(S[H])C,C1(C(NC(C2=CC=CC=C2)SCC)=O)=CC=CC=C1,O=P1(O)Oc2c(-c3ccccc3-c3ccc4ccccc4c3)cc3c(c2-c2c4c(cc(-c5ccccc5-c5ccc6ccccc6c5)c2O1)CCCC4)CCCC3,0.82
C=1(C=CC=CC=1)C=NC(C=2C=CC=CC=2)=O,C1(=CC=C(C=C1)S[H])OC,C1(C(NC(C=2C=CC=CC=2)SC=3C=CC(OC)=CC=3)=O)=CC=CC=C1,O=P1(O)Oc2c(-c3ccccc3-c3ccc4ccccc4c3)cc3c(c2-c2c4c(cc(-c5ccccc5-c5ccc6ccccc6c5)c2O1)CCCC4)CCCC3,1.45
C(C=1C=CC(=CC=1)C=NC(C2=CC=CC=C2)=O)(F)(F)F,C=1(S[H])C=CC=CC=1,C(C=1C=CC(C(SC2=CC=CC=C2)NC(C3=CC=CC=C3)=O)=CC=1)(F)(F)F,O=P1(O)Oc2c(-c3ccccc3-c3ccc4ccccc4c3)cc3c(c2-c2c4c(cc(-c5ccccc5-c5ccc6ccccc6c5)c2O1)CCCC4)CCCC3,1.74
C(C=1C=CC(=CC=1)C=NC(C2=CC=CC=C2)=O)(F)(F)F,C1(S[H])CCCCC1,C(C1=CC=C(C(NC(C2=CC=CC=C2)=O)SC3CCCCC3)C=C1)(F)(F)F,O=P1(O)Oc2c(-c3ccccc3-c3ccc4ccccc4c3)cc3c(c2-c2c4c(cc(-c5ccccc5-c5ccc6ccccc6c5)c2O1)CCCC4)CCCC3,0.75
C(C=1C=CC(=CC=1)C=NC(C2=CC=CC=C2)=O)(F)(F)F,C(S[H])C,C(C=1C=CC(C(SCC)NC(C2=CC=CC=C2)=O)=CC=1)(F)(F)F,O=P1(O)Oc2c(-c3ccccc3-c3ccc4ccccc4c3)cc3c(c2-c2c4c(cc(-c5ccccc5-c5ccc6ccccc6c5)c2O1)CCCC4)CCCC3,0.86
C(C=1C=CC(=CC=1)C=NC(C2=CC=CC=C2)=O)(F)(F)F,C1(=CC=C(C=C1)S[H])OC,C(C1=CC=C(C(NC(C2=CC=CC=C2)=O)SC3=CC=C(C=C3)OC)C=C1)(F)(F)F,O=P1(O)Oc2c(-c3ccccc3-c3ccc4ccccc4c3)cc3c(c2-c2c4c(cc(-c5ccccc5-c5ccc6ccccc6c5)c2O1)CCCC4)CCCC3,1.74
C1(=CC=C(C=C1)C=NC(C2=CC=CC=C2)=O)OC,C=1(S[H])C=CC=CC=1,C=1(C(SC2=CC=CC=C2)NC(C3=CC=CC=C3)=O)C=CC(=CC=1)OC,O=P1(O)Oc2c(-c3ccccc3-c3ccc4ccccc4c3)cc3c(c2-c2c4c(cc(-c5ccccc5-c5ccc6ccccc6c5)c2O1)CCCC4)CCCC3,1.24
C1(=CC=C(C=C1)C=NC(C2=CC=CC=C2)=O)OC,C1(S[H])CCCCC1,C1(=CC=C(C(NC(C2=CC=CC=C2)=O)SC3CCCCC3)C=C1)OC,O=P1(O)Oc2c(-c3ccccc3-c3ccc4ccccc4c3)cc3c(c2-c2c4c(cc(-c5ccccc5-c5ccc6ccccc6c5)c2O1)CCCC4)CCCC3,0.78
C1(=CC=C(C=C1)C=NC(C2=CC=CC=C2)=O)OC,C(S[H])C,C(C1=CC=CC=C1)(NC(C2=CC=C(OC)C=C2)SCC)=O,O=P1(O)Oc2c(-c3ccccc3-c3ccc4ccccc4c3)cc3c(c2-c2c4c(cc(-c5ccccc5-c5ccc6ccccc6c5)c2O1)CCCC4)CCCC3,0.82
C1(=CC=C(C=C1)C=NC(C2=CC=CC=C2)=O)OC,C1(=CC=C(C=C1)S[H])OC,C1(=CC=C(C(SC2=CC=C(C=C2)OC)NC(C3=CC=CC=C3)=O)C=C1)OC,O=P1(O)Oc2c(-c3ccccc3-c3ccc4ccccc4c3)cc3c(c2-c2c4c(cc(-c5ccccc5-c5ccc6ccccc6c5)c2O1)CCCC4)CCCC3,1.53
C(C=1C=CC=CC=1)(N=CC=2C3=C(C=CC=2)C=CC=C3)=O,C=1(S[H])C=CC=CC=1,C12=C(C(C(NC(C3=CC=CC=C3)=O)SC4=CC=CC=C4)=CC=C1)C=CC=C2,O=P1(O)Oc2c(-c3ccccc3-c3ccc4ccccc4c3)cc3c(c2-c2c4c(cc(-c5ccccc5-c5ccc6ccccc6c5)c2O1)CCCC4)CCCC3,2.06
C(C=1C=CC=CC=1)(N=CC=2C3=C(C=CC=2)C=CC=C3)=O,C1(S[H])CCCCC1,C=1(C(NC(C2=CC=CC=C2)=O)SC3CCCCC3)C4=C(C=CC=1)C=CC=C4,O=P1(O)Oc2c(-c3ccccc3-c3ccc4ccccc4c3)cc3c(c2-c2c4c(cc(-c5ccccc5-c5ccc6ccccc6c5)c2O1)CCCC4)CCCC3,0.56
C(C=1C=CC=CC=1)(N=CC=2C3=C(C=CC=2)C=CC=C3)=O,C(S[H])C,C12=C(C(C(NC(C3=CC=CC=C3)=O)SCC)=CC=C1)C=CC=C2,O=P1(O)Oc2c(-c3ccccc3-c3ccc4ccccc4c3)cc3c(c2-c2c4c(cc(-c5ccccc5-c5ccc6ccccc6c5)c2O1)CCCC4)CCCC3,0.65
C(C=1C=CC=CC=1)(N=CC=2C3=C(C=CC=2)C=CC=C3)=O,C1(=CC=C(C=C1)S[H])OC,C12=C(C(C(NC(C3=CC=CC=C3)=O)SC4=CC=C(OC)C=C4)=CC=C1)C=CC=C2,O=P1(O)Oc2c(-c3ccccc3-c3ccc4ccccc4c3)cc3c(c2-c2c4c(cc(-c5ccccc5-c5ccc6ccccc6c5)c2O1)CCCC4)CCCC3,1.74
C=1(C=CC=CC=1)C=NC(C=2C=CC=CC=2)=O,C=1(S[H])C=CC=CC=1,C1(C(NC(C=2C=CC=CC=2)SC=3C=CC=CC=3)=O)=CC=CC=C1,O=P1(O)Oc2c(-c3cc(C(F)(F)F)cc(C(F)(F)F)c3)cc3c(c2-c2c4c(cc(-c5cc(C(F)(F)F)cc(C(F)(F)F)c5)c2O1)CCCC4)CCCC3,1.53
C=1(C=CC=CC=1)C=NC(C=2C=CC=CC=2)=O,C1(S[H])CCCCC1,C1(C(SC2CCCCC2)NC(C3=CC=CC=C3)=O)=CC=CC=C1,O=P1(O)Oc2c(-c3cc(C(F)(F)F)cc(C(F)(F)F)c3)cc3c(c2-c2c4c(cc(-c5cc(C(F)(F)F)cc(C(F)(F)F)c5)c2O1)CCCC4)CCCC3,0.65
C=1(C=CC=CC=1)C=NC(C=2C=CC=CC=2)=O,C(S[H])C,C1(C(NC(C2=CC=CC=C2)SCC)=O)=CC=CC=C1,O=P1(O)Oc2c(-c3cc(C(F)(F)F)cc(C(F)(F)F)c3)cc3c(c2-c2c4c(cc(-c5cc(C(F)(F)F)cc(C(F)(F)F)c5)c2O1)CCCC4)CCCC3,0.75
C=1(C=CC=CC=1)C=NC(C=2C=CC=CC=2)=O,C1(=CC=C(C=C1)S[H])OC,C1(C(NC(C=2C=CC=CC=2)SC=3C=CC(OC)=CC=3)=O)=CC=CC=C1,O=P1(O)Oc2c(-c3cc(C(F)(F)F)cc(C(F)(F)F)c3)cc3c(c2-c2c4c(cc(-c5cc(C(F)(F)F)cc(C(F)(F)F)c5)c2O1)CCCC4)CCCC3,0.98
C(C=1C=CC(=CC=1)C=NC(C2=CC=CC=C2)=O)(F)(F)F,C=1(S[H])C=CC=CC=1,C(C=1C=CC(C(SC2=CC=CC=C2)NC(C3=CC=CC=C3)=O)=CC=1)(F)(F)F,O=P1(O)Oc2c(-c3cc(C(F)(F)F)cc(C(F)(F)F)c3)cc3c(c2-c2c4c(cc(-c5cc(C(F)(F)F)cc(C(F)(F)F)c5)c2O1)CCCC4)CCCC3,1.18
C(C=1C=CC(=CC=1)C=NC(C2=CC=CC=C2)=O)(F)(F)F,C1(S[H])CCCCC1,C(C1=CC=C(C(NC(C2=CC=CC=C2)=O)SC3CCCCC3)C=C1)(F)(F)F,O=P1(O)Oc2c(-c3cc(C(F)(F)F)cc(C(F)(F)F)c3)cc3c(c2-c2c4c(cc(-c5cc(C(F)(F)F)cc(C(F)(F)F)c5)c2O1)CCCC4)CCCC3,0.37
C(C=1C=CC(=CC=1)C=NC(C2=CC=CC=C2)=O)(F)(F)F,C(S[H])C,C(C=1C=CC(C(SCC)NC(C2=CC=CC=C2)=O)=CC=1)(F)(F)F,O=P1(O)Oc2c(-c3cc(C(F)(F)F)cc(C(F)(F)F)c3)cc3c(c2-c2c4c(cc(-c5cc(C(F)(F)F)cc(C(F)(F)F)c5)c2O1)CCCC4)CCCC3,0.5
C(C=1C=CC(=CC=1)C=NC(C2=CC=CC=C2)=O)(F)(F)F,C1(=CC=C(C=C1)S[H])OC,C(C1=CC=C(C(NC(C2=CC=CC=C2)=O)SC3=CC=C(C=C3)OC)C=C1)(F)(F)F,O=P1(O)Oc2c(-c3cc(C(F)(F)F)cc(C(F)(F)F)c3)cc3c(c2-c2c4c(cc(-c5cc(C(F)(F)F)cc(C(F)(F)F)c5)c2O1)CCCC4)CCCC3,1.13
C1(=CC=C(C=C1)C=NC(C2=CC=CC=C2)=O)OC,C=1(S[H])C=CC=CC=1,C=1(C(SC2=CC=CC=C2)NC(C3=CC=CC=C3)=O)C=CC(=CC=1)OC,O=P1(O)Oc2c(-c3cc(C(F)(F)F)cc(C(F)(F)F)c3)cc3c(c2-c2c4c(cc(-c5cc(C(F)(F)F)cc(C(F)(F)F)c5)c2O1)CCCC4)CCCC3,1.18
C1(=CC=C(C=C1)C=NC(C2=CC=CC=C2)=O)OC,C1(S[H])CCCCC1,C1(=CC=C(C(NC(C2=CC=CC=C2)=O)SC3CCCCC3)C=C1)OC,O=P1(O)Oc2c(-c3cc(C(F)(F)F)cc(C(F)(F)F)c3)cc3c(c2-c2c4c(cc(-c5cc(C(F)(F)F)cc(C(F)(F)F)c5)c2O1)CCCC4)CCCC3,0.47
C1(=CC=C(C=C1)C=NC(C2=CC=CC=C2)=O)OC,C(S[H])C,C(C1=CC=CC=C1)(NC(C2=CC=C(OC)C=C2)SCC)=O,O=P1(O)Oc2c(-c3cc(C(F)(F)F)cc(C(F)(F)F)c3)cc3c(c2-c2c4c(cc(-c5cc(C(F)(F)F)cc(C(F)(F)F)c5)c2O1)CCCC4)CCCC3,0.37
C1(=CC=C(C=C1)C=NC(C2=CC=CC=C2)=O)OC,C1(=CC=C(C=C1)S[H])OC,C1(=CC=C(C(SC2=CC=C(C=C2)OC)NC(C3=CC=CC=C3)=O)C=C1)OC,O=P1(O)Oc2c(-c3cc(C(F)(F)F)cc(C(F)(F)F)c3)cc3c(c2-c2c4c(cc(-c5cc(C(F)(F)F)cc(C(F)(F)F)c5)c2O1)CCCC4)CCCC3,1.24
C(C=1C=CC=CC=1)(N=CC=2C3=C(C=CC=2)C=CC=C3)=O,C=1(S[H])C=CC=CC=1,C12=C(C(C(NC(C3=CC=CC=C3)=O)SC4=CC=CC=C4)=CC=C1)C=CC=C2,O=P1(O)Oc2c(-c3cc(C(F)(F)F)cc(C(F)(F)F)c3)cc3c(c2-c2c4c(cc(-c5cc(C(F)(F)F)cc(C(F)(F)F)c5)c2O1)CCCC4)CCCC3,1.3
C(C=1C=CC=CC=1)(N=CC=2C3=C(C=CC=2)C=CC=C3)=O,C1(S[H])CCCCC1,C=1(C(NC(C2=CC=CC=C2)=O)SC3CCCCC3)C4=C(C=CC=1)C=CC=C4,O=P1(O)Oc2c(-c3cc(C(F)(F)F)cc(C(F)(F)F)c3)cc3c(c2-c2c4c(cc(-c5cc(C(F)(F)F)cc(C(F)(F)F)c5)c2O1)CCCC4)CCCC3,0.45
C(C=1C=CC=CC=1)(N=CC=2C3=C(C=CC=2)C=CC=C3)=O,C(S[H])C,C12=C(C(C(NC(C3=CC=CC=C3)=O)SCC)=CC=C1)C=CC=C2,O=P1(O)Oc2c(-c3cc(C(F)(F)F)cc(C(F)(F)F)c3)cc3c(c2-c2c4c(cc(-c5cc(C(F)(F)F)cc(C(F)(F)F)c5)c2O1)CCCC4)CCCC3,0.68
C(C=1C=CC=CC=1)(N=CC=2C3=C(C=CC=2)C=CC=C3)=O,C1(=CC=C(C=C1)S[H])OC,C12=C(C(C(NC(C3=CC=CC=C3)=O)SC4=CC=C(OC)C=C4)=CC=C1)C=CC=C2,O=P1(O)Oc2c(-c3cc(C(F)(F)F)cc(C(F)(F)F)c3)cc3c(c2-c2c4c(cc(-c5cc(C(F)(F)F)cc(C(F)(F)F)c5)c2O1)CCCC4)CCCC3,1.08
C=1(C=CC=CC=1)C=NC(C=2C=CC=CC=2)=O,C=1(S[H])C=CC=CC=1,C1(C(NC(C=2C=CC=CC=2)SC=3C=CC=CC=3)=O)=CC=CC=C1,CCOc1ccc(C)cc1-c1cc2c(c3c1OP(=O)(O)Oc1c(-c4cc(C)ccc4OCC)cc4c(c1-3)CCCC4)CCCC2,1.74
C=1(C=CC=CC=1)C=NC(C=2C=CC=CC=2)=O,C1(S[H])CCCCC1,C1(C(SC2CCCCC2)NC(C3=CC=CC=C3)=O)=CC=CC=C1,CCOc1ccc(C)cc1-c1cc2c(c3c1OP(=O)(O)Oc1c(-c4cc(C)ccc4OCC)cc4c(c1-3)CCCC4)CCCC2,0.75
C=1(C=CC=CC=1)C=NC(C=2C=CC=CC=2)=O,C(S[H])C,C1(C(NC(C2=CC=CC=C2)SCC)=O)=CC=CC=C1,CCOc1ccc(C)cc1-c1cc2c(c3c1OP(=O)(O)Oc1c(-c4cc(C)ccc4OCC)cc4c(c1-3)CCCC4)CCCC2,0.86
C=1(C=CC=CC=1)C=NC(C=2C=CC=CC=2)=O,C1(=CC=C(C=C1)S[H])OC,C1(C(NC(C=2C=CC=CC=2)SC=3C=CC(OC)=CC=3)=O)=CC=CC=C1,CCOc1ccc(C)cc1-c1cc2c(c3c1OP(=O)(O)Oc1c(-c4cc(C)ccc4OCC)cc4c(c1-3)CCCC4)CCCC2,1.13
C(C=1C=CC(=CC=1)C=NC(C2=CC=CC=C2)=O)(F)(F)F,C=1(S[H])C=CC=CC=1,C(C=1C=CC(C(SC2=CC=CC=C2)NC(C3=CC=CC=C3)=O)=CC=1)(F)(F)F,CCOc1ccc(C)cc1-c1cc2c(c3c1OP(=O)(O)Oc1c(-c4cc(C)ccc4OCC)cc4c(c1-3)CCCC4)CCCC2,1.37
C(C=1C=CC(=CC=1)C=NC(C2=CC=CC=C2)=O)(F)(F)F,C1(S[H])CCCCC1,C(C1=CC=C(C(NC(C2=CC=CC=C2)=O)SC3CCCCC3)C=C1)(F)(F)F,CCOc1ccc(C)cc1-c1cc2c(c3c1OP(=O)(O)Oc1c(-c4cc(C)ccc4OCC)cc4c(c1-3)CCCC4)CCCC2,0.86
C(C=1C=CC(=CC=1)C=NC(C2=CC=CC=C2)=O)(F)(F)F,C(S[H])C,C(C=1C=CC(C(SCC)NC(C2=CC=CC=C2)=O)=CC=1)(F)(F)F,CCOc1ccc(C)cc1-c1cc2c(c3c1OP(=O)(O)Oc1c(-c4cc(C)ccc4OCC)cc4c(c1-3)CCCC4)CCCC2,1.45
C(C=1C=CC(=CC=1)C=NC(C2=CC=CC=C2)=O)(F)(F)F,C1(=CC=C(C=C1)S[H])OC,C(C1=CC=C(C(NC(C2=CC=CC=C2)=O)SC3=CC=C(C=C3)OC)C=C1)(F)(F)F,CCOc1ccc(C)cc1-c1cc2c(c3c1OP(=O)(O)Oc1c(-c4cc(C)ccc4OCC)cc4c(c1-3)CCCC4)CCCC2,1.3
C1(=CC=C(C=C1)C=NC(C2=CC=CC=C2)=O)OC,C=1(S[H])C=CC=CC=1,C=1(C(SC2=CC=CC=C2)NC(C3=CC=CC=C3)=O)C=CC(=CC=1)OC,CCOc1ccc(C)cc1-c1cc2c(c3c1OP(=O)(O)Oc1c(-c4cc(C)ccc4OCC)cc4c(c1-3)CCCC4)CCCC2,1.53
C1(=CC=C(C=C1)C=NC(C2=CC=CC=C2)=O)OC,C1(S[H])CCCCC1,C1(=CC=C(C(NC(C2=CC=CC=C2)=O)SC3CCCCC3)C=C1)OC,CCOc1ccc(C)cc1-c1cc2c(c3c1OP(=O)(O)Oc1c(-c4cc(C)ccc4OCC)cc4c(c1-3)CCCC4)CCCC2,0.82
C1(=CC=C(C=C1)C=NC(C2=CC=CC=C2)=O)OC,C(S[H])C,C(C1=CC=CC=C1)(NC(C2=CC=C(OC)C=C2)SCC)=O,CCOc1ccc(C)cc1-c1cc2c(c3c1OP(=O)(O)Oc1c(-c4cc(C)ccc4OCC)cc4c(c1-3)CCCC4)CCCC2,1.74
C1(=CC=C(C=C1)C=NC(C2=CC=CC=C2)=O)OC,C1(=CC=C(C=C1)S[H])OC,C1(=CC=C(C(SC2=CC=C(C=C2)OC)NC(C3=CC=CC=C3)=O)C=C1)OC,CCOc1ccc(C)cc1-c1cc2c(c3c1OP(=O)(O)Oc1c(-c4cc(C)ccc4OCC)cc4c(c1-3)CCCC4)CCCC2,1.74
C(C=1C=CC=CC=1)(N=CC=2C3=C(C=CC=2)C=CC=C3)=O,C=1(S[H])C=CC=CC=1,C12=C(C(C(NC(C3=CC=CC=C3)=O)SC4=CC=CC=C4)=CC=C1)C=CC=C2,CCOc1ccc(C)cc1-c1cc2c(c3c1OP(=O)(O)Oc1c(-c4cc(C)ccc4OCC)cc4c(c1-3)CCCC4)CCCC2,1.45
C(C=1C=CC=CC=1)(N=CC=2C3=C(C=CC=2)C=CC=C3)=O,C1(S[H])CCCCC1,C=1(C(NC(C2=CC=CC=C2)=O)SC3CCCCC3)C4=C(C=CC=1)C=CC=C4,CCOc1ccc(C)cc1-c1cc2c(c3c1OP(=O)(O)Oc1c(-c4cc(C)ccc4OCC)cc4c(c1-3)CCCC4)CCCC2,0.72
C(C=1C=CC=CC=1)(N=CC=2C3=C(C=CC=2)C=CC=C3)=O,C(S[H])C,C12=C(C(C(NC(C3=CC=CC=C3)=O)SCC)=CC=C1)C=CC=C2,CCOc1ccc(C)cc1-c1cc2c(c3c1OP(=O)(O)Oc1c(-c4cc(C)ccc4OCC)cc4c(c1-3)CCCC4)CCCC2,0.98
C(C=1C=CC=CC=1)(N=CC=2C3=C(C=CC=2)C=CC=C3)=O,C1(=CC=C(C=C1)S[H])OC,C12=C(C(C(NC(C3=CC=CC=C3)=O)SC4=CC=C(OC)C=C4)=CC=C1)C=CC=C2,CCOc1ccc(C)cc1-c1cc2c(c3c1OP(=O)(O)Oc1c(-c4cc(C)ccc4OCC)cc4c(c1-3)CCCC4)CCCC2,1.3
C=1(C=CC=CC=1)C=NC(C=2C=CC=CC=2)=O,C=1(S[H])C=CC=CC=1,C1(C(NC(C=2C=CC=CC=2)SC=3C=CC=CC=3)=O)=CC=CC=C1,O=P1(O)Oc2c(-c3cc(C(F)(F)F)cc(C(F)(F)F)c3)cc3ccccc3c2-c2c(c(-c3cc(C(F)(F)F)cc(C(F)(F)F)c3)cc3ccccc23)O1,1.15
C=1(C=CC=CC=1)C=NC(C=2C=CC=CC=2)=O,C1(S[H])CCCCC1,C1(C(SC2CCCCC2)NC(C3=CC=CC=C3)=O)=CC=CC=C1,O=P1(O)Oc2c(-c3cc(C(F)(F)F)cc(C(F)(F)F)c3)cc3ccccc3c2-c2c(c(-c3cc(C(F)(F)F)cc(C(F)(F)F)c3)cc3ccccc23)O1,0.5
C=1(C=CC=CC=1)C=NC(C=2C=CC=CC=2)=O,C(S[H])C,C1(C(NC(C2=CC=CC=C2)SCC)=O)=CC=CC=C1,O=P1(O)Oc2c(-c3cc(C(F)(F)F)cc(C(F)(F)F)c3)cc3ccccc3c2-c2c(c(-c3cc(C(F)(F)F)cc(C(F)(F)F)c3)cc3ccccc23)O1,0.39
C=1(C=CC=CC=1)C=NC(C=2C=CC=CC=2)=O,C1(=CC=C(C=C1)S[H])OC,C1(C(NC(C=2C=CC=CC=2)SC=3C=CC(OC)=CC=3)=O)=CC=CC=C1,O=P1(O)Oc2c(-c3cc(C(F)(F)F)cc(C(F)(F)F)c3)cc3ccccc3c2-c2c(c(-c3cc(C(F)(F)F)cc(C(F)(F)F)c3)cc3ccccc23)O1,1.41
C(C=1C=CC(=CC=1)C=NC(C2=CC=CC=C2)=O)(F)(F)F,C=1(S[H])C=CC=CC=1,C(C=1C=CC(C(SC2=CC=CC=C2)NC(C3=CC=CC=C3)=O)=CC=1)(F)(F)F,O=P1(O)Oc2c(-c3cc(C(F)(F)F)cc(C(F)(F)F)c3)cc3ccccc3c2-c2c(c(-c3cc(C(F)(F)F)cc(C(F)(F)F)c3)cc3ccccc23)O1,1.41
C(C=1C=CC(=CC=1)C=NC(C2=CC=CC=C2)=O)(F)(F)F,C1(S[H])CCCCC1,C(C1=CC=C(C(NC(C2=CC=CC=C2)=O)SC3CCCCC3)C=C1)(F)(F)F,O=P1(O)Oc2c(-c3cc(C(F)(F)F)cc(C(F)(F)F)c3)cc3ccccc3c2-c2c(c(-c3cc(C(F)(F)F)cc(C(F)(F)F)c3)cc3ccccc23)O1,0.82
C(C=1C=CC(=CC=1)C=NC(C2=CC=CC=C2)=O)(F)(F)F,C(S[H])C,C(C=1C=CC(C(SCC)NC(C2=CC=CC=C2)=O)=CC=1)(F)(F)F,O=P1(O)Oc2c(-c3cc(C(F)(F)F)cc(C(F)(F)F)c3)cc3ccccc3c2-c2c(c(-c3cc(C(F)(F)F)cc(C(F)(F)F)c3)cc3ccccc23)O1,0.68
C(C=1C=CC(=CC=1)C=NC(C2=CC=CC=C2)=O)(F)(F)F,C1(=CC=C(C=C1)S[H])OC,C(C1=CC=C(C(NC(C2=CC=CC=C2)=O)SC3=CC=C(C=C3)OC)C=C1)(F)(F)F,O=P1(O)Oc2c(-c3cc(C(F)(F)F)cc(C(F)(F)F)c3)cc3ccccc3c2-c2c(c(-c3cc(C(F)(F)F)cc(C(F)(F)F)c3)cc3ccccc23)O1,1.08
C1(=CC=C(C=C1)C=NC(C2=CC=CC=C2)=O)OC,C=1(S[H])C=CC=CC=1,C=1(C(SC2=CC=CC=C2)NC(C3=CC=CC=C3)=O)C=CC(=CC=1)OC,O=P1(O)Oc2c(-c3cc(C(F)(F)F)cc(C(F)(F)F)c3)cc3ccccc3c2-c2c(c(-c3cc(C(F)(F)F)cc(C(F)(F)F)c3)cc3ccccc23)O1,1.15
C1(=CC=C(C=C1)C=NC(C2=CC=CC=C2)=O)OC,C1(S[H])CCCCC1,C1(=CC=C(C(NC(C2=CC=CC=C2)=O)SC3CCCCC3)C=C1)OC,O=P1(O)Oc2c(-c3cc(C(F)(F)F)cc(C(F)(F)F)c3)cc3ccccc3c2-c2c(c(-c3cc(C(F)(F)F)cc(C(F)(F)F)c3)cc3ccccc23)O1,0.46
C1(=CC=C(C=C1)C=NC(C2=CC=CC=C2)=O)OC,C(S[H])C,C(C1=CC=CC=C1)(NC(C2=CC=C(OC)C=C2)SCC)=O,O=P1(O)Oc2c(-c3cc(C(F)(F)F)cc(C(F)(F)F)c3)cc3ccccc3c2-c2c(c(-c3cc(C(F)(F)F)cc(C(F)(F)F)c3)cc3ccccc23)O1,0.22
C1(=CC=C(C=C1)C=NC(C2=CC=CC=C2)=O)OC,C1(=CC=C(C=C1)S[H])OC,C1(=CC=C(C(SC2=CC=C(C=C2)OC)NC(C3=CC=CC=C3)=O)C=C1)OC,O=P1(O)Oc2c(-c3cc(C(F)(F)F)cc(C(F)(F)F)c3)cc3ccccc3c2-c2c(c(-c3cc(C(F)(F)F)cc(C(F)(F)F)c3)cc3ccccc23)O1,1.34
C(C=1C=CC=CC=1)(N=CC=2C3=C(C=CC=2)C=CC=C3)=O,C=1(S[H])C=CC=CC=1,C12=C(C(C(NC(C3=CC=CC=C3)=O)SC4=CC=CC=C4)=CC=C1)C=CC=C2,O=P1(O)Oc2c(-c3cc(C(F)(F)F)cc(C(F)(F)F)c3)cc3ccccc3c2-c2c(c(-c3cc(C(F)(F)F)cc(C(F)(F)F)c3)cc3ccccc23)O1,1.08
C(C=1C=CC=CC=1)(N=CC=2C3=C(C=CC=2)C=CC=C3)=O,C1(S[H])CCCCC1,C=1(C(NC(C2=CC=CC=C2)=O)SC3CCCCC3)C4=C(C=CC=1)C=CC=C4,O=P1(O)Oc2c(-c3cc(C(F)(F)F)cc(C(F)(F)F)c3)cc3ccccc3c2-c2c(c(-c3cc(C(F)(F)F)cc(C(F)(F)F)c3)cc3ccccc23)O1,0.3
C(C=1C=CC=CC=1)(N=CC=2C3=C(C=CC=2)C=CC=C3)=O,C(S[H])C,C12=C(C(C(NC(C3=CC=CC=C3)=O)SCC)=CC=C1)C=CC=C2,O=P1(O)Oc2c(-c3cc(C(F)(F)F)cc(C(F)(F)F)c3)cc3ccccc3c2-c2c(c(-c3cc(C(F)(F)F)cc(C(F)(F)F)c3)cc3ccccc23)O1,0.41
C(C=1C=CC=CC=1)(N=CC=2C3=C(C=CC=2)C=CC=C3)=O,C1(=CC=C(C=C1)S[H])OC,C12=C(C(C(NC(C3=CC=CC=C3)=O)SC4=CC=C(OC)C=C4)=CC=C1)C=CC=C2,O=P1(O)Oc2c(-c3cc(C(F)(F)F)cc(C(F)(F)F)c3)cc3ccccc3c2-c2c(c(-c3cc(C(F)(F)F)cc(C(F)(F)F)c3)cc3ccccc23)O1,1.1
C=1(C=CC=CC=1)C=NC(C=2C=CC=CC=2)=O,C=1(S[H])C=CC=CC=1,C1(C(NC(C=2C=CC=CC=2)SC=3C=CC=CC=3)=O)=CC=CC=C1,COc1cc(F)c(-c2cc3ccccc3c3c2OP(=O)(O)Oc2c(-c4c(F)cc(OC)cc4F)cc4ccccc4c2-3)c(F)c1,1.53
C=1(C=CC=CC=1)C=NC(C=2C=CC=CC=2)=O,C1(S[H])CCCCC1,C1(C(SC2CCCCC2)NC(C3=CC=CC=C3)=O)=CC=CC=C1,COc1cc(F)c(-c2cc3ccccc3c3c2OP(=O)(O)Oc2c(-c4c(F)cc(OC)cc4F)cc4ccccc4c2-3)c(F)c1,0.98
C=1(C=CC=CC=1)C=NC(C=2C=CC=CC=2)=O,C(S[H])C,C1(C(NC(C2=CC=CC=C2)SCC)=O)=CC=CC=C1,COc1cc(F)c(-c2cc3ccccc3c3c2OP(=O)(O)Oc2c(-c4c(F)cc(OC)cc4F)cc4ccccc4c2-3)c(F)c1,1.08
C=1(C=CC=CC=1)C=NC(C=2C=CC=CC=2)=O,C1(=CC=C(C=C1)S[H])OC,C1(C(NC(C=2C=CC=CC=2)SC=3C=CC(OC)=CC=3)=O)=CC=CC=C1,COc1cc(F)c(-c2cc3ccccc3c3c2OP(=O)(O)Oc2c(-c4c(F)cc(OC)cc4F)cc4ccccc4c2-3)c(F)c1,1.37
C(C=1C=CC(=CC=1)C=NC(C2=CC=CC=C2)=O)(F)(F)F,C=1(S[H])C=CC=CC=1,C(C=1C=CC(C(SC2=CC=CC=C2)NC(C3=CC=CC=C3)=O)=CC=1)(F)(F)F,COc1cc(F)c(-c2cc3ccccc3c3c2OP(=O)(O)Oc2c(-c4c(F)cc(OC)cc4F)cc4ccccc4c2-3)c(F)c1,1.45
C(C=1C=CC(=CC=1)C=NC(C2=CC=CC=C2)=O)(F)(F)F,C1(S[H])CCCCC1,C(C1=CC=C(C(NC(C2=CC=CC=C2)=O)SC3CCCCC3)C=C1)(F)(F)F,COc1cc(F)c(-c2cc3ccccc3c3c2OP(=O)(O)Oc2c(-c4c(F)cc(OC)cc4F)cc4ccccc4c2-3)c(F)c1,1.08
C(C=1C=CC(=CC=1)C=NC(C2=CC=CC=C2)=O)(F)(F)F,C(S[H])C,C(C=1C=CC(C(SCC)NC(C2=CC=CC=C2)=O)=CC=1)(F)(F)F,COc1cc(F)c(-c2cc3ccccc3c3c2OP(=O)(O)Oc2c(-c4c(F)cc(OC)cc4F)cc4ccccc4c2-3)c(F)c1,0.82
C(C=1C=CC(=CC=1)C=NC(C2=CC=CC=C2)=O)(F)(F)F,C1(=CC=C(C=C1)S[H])OC,C(C1=CC=C(C(NC(C2=CC=CC=C2)=O)SC3=CC=C(C=C3)OC)C=C1)(F)(F)F,COc1cc(F)c(-c2cc3ccccc3c3c2OP(=O)(O)Oc2c(-c4c(F)cc(OC)cc4F)cc4ccccc4c2-3)c(F)c1,1.37
C1(=CC=C(C=C1)C=NC(C2=CC=CC=C2)=O)OC,C=1(S[H])C=CC=CC=1,C=1(C(SC2=CC=CC=C2)NC(C3=CC=CC=C3)=O)C=CC(=CC=1)OC,COc1cc(F)c(-c2cc3ccccc3c3c2OP(=O)(O)Oc2c(-c4c(F)cc(OC)cc4F)cc4ccccc4c2-3)c(F)c1,1.24
C1(=CC=C(C=C1)C=NC(C2=CC=CC=C2)=O)OC,C1(S[H])CCCCC1,C1(=CC=C(C(NC(C2=CC=CC=C2)=O)SC3CCCCC3)C=C1)OC,COc1cc(F)c(-c2cc3ccccc3c3c2OP(=O)(O)Oc2c(-c4c(F)cc(OC)cc4F)cc4ccccc4c2-3)c(F)c1,0.82
C1(=CC=C(C=C1)C=NC(C2=CC=CC=C2)=O)OC,C(S[H])C,C(C1=CC=CC=C1)(NC(C2=CC=C(OC)C=C2)SCC)=O,COc1cc(F)c(-c2cc3ccccc3c3c2OP(=O)(O)Oc2c(-c4c(F)cc(OC)cc4F)cc4ccccc4c2-3)c(F)c1,0.9
C1(=CC=C(C=C1)C=NC(C2=CC=CC=C2)=O)OC,C1(=CC=C(C=C1)S[H])OC,C1(=CC=C(C(SC2=CC=C(C=C2)OC)NC(C3=CC=CC=C3)=O)C=C1)OC,COc1cc(F)c(-c2cc3ccccc3c3c2OP(=O)(O)Oc2c(-c4c(F)cc(OC)cc4F)cc4ccccc4c2-3)c(F)c1,1.53
C(C=1C=CC=CC=1)(N=CC=2C3=C(C=CC=2)C=CC=C3)=O,C=1(S[H])C=CC=CC=1,C12=C(C(C(NC(C3=CC=CC=C3)=O)SC4=CC=CC=C4)=CC=C1)C=CC=C2,COc1cc(F)c(-c2cc3ccccc3c3c2OP(=O)(O)Oc2c(-c4c(F)cc(OC)cc4F)cc4ccccc4c2-3)c(F)c1,1.74
C(C=1C=CC=CC=1)(N=CC=2C3=C(C=CC=2)C=CC=C3)=O,C1(S[H])CCCCC1,C=1(C(NC(C2=CC=CC=C2)=O)SC3CCCCC3)C4=C(C=CC=1)C=CC=C4,COc1cc(F)c(-c2cc3ccccc3c3c2OP(=O)(O)Oc2c(-c4c(F)cc(OC)cc4F)cc4ccccc4c2-3)c(F)c1,0.86
C(C=1C=CC=CC=1)(N=CC=2C3=C(C=CC=2)C=CC=C3)=O,C(S[H])C,C12=C(C(C(NC(C3=CC=CC=C3)=O)SCC)=CC=C1)C=CC=C2,COc1cc(F)c(-c2cc3ccccc3c3c2OP(=O)(O)Oc2c(-c4c(F)cc(OC)cc4F)cc4ccccc4c2-3)c(F)c1,1.03
C(C=1C=CC=CC=1)(N=CC=2C3=C(C=CC=2)C=CC=C3)=O,C1(=CC=C(C=C1)S[H])OC,C12=C(C(C(NC(C3=CC=CC=C3)=O)SC4=CC=C(OC)C=C4)=CC=C1)C=CC=C2,COc1cc(F)c(-c2cc3ccccc3c3c2OP(=O)(O)Oc2c(-c4c(F)cc(OC)cc4F)cc4ccccc4c2-3)c(F)c1,1.37
C=1(C=CC=CC=1)C=NC(C=2C=CC=CC=2)=O,C=1(S[H])C=CC=CC=1,C1(C(NC(C=2C=CC=CC=2)SC=3C=CC=CC=3)=O)=CC=CC=C1,COc1ccc(-c2cc(-c3ccc(OC)cc3)cc(-c3cc4ccccc4c4c3OP(=O)(O)Oc3c(-c5cc(-c6ccc(OC)cc6)cc(-c6ccc(OC)cc6)c5)cc5ccccc5c3-4)c2)cc1,1.3
C=1(C=CC=CC=1)C=NC(C=2C=CC=CC=2)=O,C1(S[H])CCCCC1,C1(C(SC2CCCCC2)NC(C3=CC=CC=C3)=O)=CC=CC=C1,COc1ccc(-c2cc(-c3ccc(OC)cc3)cc(-c3cc4ccccc4c4c3OP(=O)(O)Oc3c(-c5cc(-c6ccc(OC)cc6)cc(-c6ccc(OC)cc6)c5)cc5ccccc5c3-4)c2)cc1,0.45
C=1(C=CC=CC=1)C=NC(C=2C=CC=CC=2)=O,C(S[H])C,C1(C(NC(C2=CC=CC=C2)SCC)=O)=CC=CC=C1,COc1ccc(-c2cc(-c3ccc(OC)cc3)cc(-c3cc4ccccc4c4c3OP(=O)(O)Oc3c(-c5cc(-c6ccc(OC)cc6)cc(-c6ccc(OC)cc6)c5)cc5ccccc5c3-4)c2)cc1,0.56
C=1(C=CC=CC=1)C=NC(C=2C=CC=CC=2)=O,C1(=CC=C(C=C1)S[H])OC,C1(C(NC(C=2C=CC=CC=2)SC=3C=CC(OC)=CC=3)=O)=CC=CC=C1,COc1ccc(-c2cc(-c3ccc(OC)cc3)cc(-c3cc4ccccc4c4c3OP(=O)(O)Oc3c(-c5cc(-c6ccc(OC)cc6)cc(-c6ccc(OC)cc6)c5)cc5ccccc5c3-4)c2)cc1,1.18
C(C=1C=CC(=CC=1)C=NC(C2=CC=CC=C2)=O)(F)(F)F,C=1(S[H])C=CC=CC=1,C(C=1C=CC(C(SC2=CC=CC=C2)NC(C3=CC=CC=C3)=O)=CC=1)(F)(F)F,COc1ccc(-c2cc(-c3ccc(OC)cc3)cc(-c3cc4ccccc4c4c3OP(=O)(O)Oc3c(-c5cc(-c6ccc(OC)cc6)cc(-c6ccc(OC)cc6)c5)cc5ccccc5c3-4)c2)cc1,1.45
C(C=1C=CC(=CC=1)C=NC(C2=CC=CC=C2)=O)(F)(F)F,C1(S[H])CCCCC1,C(C1=CC=C(C(NC(C2=CC=CC=C2)=O)SC3CCCCC3)C=C1)(F)(F)F,COc1ccc(-c2cc(-c3ccc(OC)cc3)cc(-c3cc4ccccc4c4c3OP(=O)(O)Oc3c(-c5cc(-c6ccc(OC)cc6)cc(-c6ccc(OC)cc6)c5)cc5ccccc5c3-4)c2)cc1,0.82
C(C=1C=CC(=CC=1)C=NC(C2=CC=CC=C2)=O)(F)(F)F,C(S[H])C,C(C=1C=CC(C(SCC)NC(C2=CC=CC=C2)=O)=CC=1)(F)(F)F,COc1ccc(-c2cc(-c3ccc(OC)cc3)cc(-c3cc4ccccc4c4c3OP(=O)(O)Oc3c(-c5cc(-c6ccc(OC)cc6)cc(-c6ccc(OC)cc6)c5)cc5ccccc5c3-4)c2)cc1,0.82
C(C=1C=CC(=CC=1)C=NC(C2=CC=CC=C2)=O)(F)(F)F,C1(=CC=C(C=C1)S[H])OC,C(C1=CC=C(C(NC(C2=CC=CC=C2)=O)SC3=CC=C(C=C3)OC)C=C1)(F)(F)F,COc1ccc(-c2cc(-c3ccc(OC)cc3)cc(-c3cc4ccccc4c4c3OP(=O)(O)Oc3c(-c5cc(-c6ccc(OC)cc6)cc(-c6ccc(OC)cc6)c5)cc5ccccc5c3-4)c2)cc1,1.53
C1(=CC=C(C=C1)C=NC(C2=CC=CC=C2)=O)OC,C=1(S[H])C=CC=CC=1,C=1(C(SC2=CC=CC=C2)NC(C3=CC=CC=C3)=O)C=CC(=CC=1)OC,COc1ccc(-c2cc(-c3ccc(OC)cc3)cc(-c3cc4ccccc4c4c3OP(=O)(O)Oc3c(-c5cc(-c6ccc(OC)cc6)cc(-c6ccc(OC)cc6)c5)cc5ccccc5c3-4)c2)cc1,1.53
C1(=CC=C(C=C1)C=NC(C2=CC=CC=C2)=O)OC,C1(S[H])CCCCC1,C1(=CC=C(C(NC(C2=CC=CC=C2)=O)SC3CCCCC3)C=C1)OC,COc1ccc(-c2cc(-c3ccc(OC)cc3)cc(-c3cc4ccccc4c4c3OP(=O)(O)Oc3c(-c5cc(-c6ccc(OC)cc6)cc(-c6ccc(OC)cc6)c5)cc5ccccc5c3-4)c2)cc1,0.86
C1(=CC=C(C=C1)C=NC(C2=CC=CC=C2)=O)OC,C(S[H])C,C(C1=CC=CC=C1)(NC(C2=CC=C(OC)C=C2)SCC)=O,COc1ccc(-c2cc(-c3ccc(OC)cc3)cc(-c3cc4ccccc4c4c3OP(=O)(O)Oc3c(-c5cc(-c6ccc(OC)cc6)cc(-c6ccc(OC)cc6)c5)cc5ccccc5c3-4)c2)cc1,0.82
C1(=CC=C(C=C1)C=NC(C2=CC=CC=C2)=O)OC,C1(=CC=C(C=C1)S[H])OC,C1(=CC=C(C(SC2=CC=C(C=C2)OC)NC(C3=CC=CC=C3)=O)C=C1)OC,COc1ccc(-c2cc(-c3ccc(OC)cc3)cc(-c3cc4ccccc4c4c3OP(=O)(O)Oc3c(-c5cc(-c6ccc(OC)cc6)cc(-c6ccc(OC)cc6)c5)cc5ccccc5c3-4)c2)cc1,1.3
C(C=1C=CC=CC=1)(N=CC=2C3=C(C=CC=2)C=CC=C3)=O,C=1(S[H])C=CC=CC=1,C12=C(C(C(NC(C3=CC=CC=C3)=O)SC4=CC=CC=C4)=CC=C1)C=CC=C2,COc1ccc(-c2cc(-c3ccc(OC)cc3)cc(-c3cc4ccccc4c4c3OP(=O)(O)Oc3c(-c5cc(-c6ccc(OC)cc6)cc(-c6ccc(OC)cc6)c5)cc5ccccc5c3-4)c2)cc1,1.53
C(C=1C=CC=CC=1)(N=CC=2C3=C(C=CC=2)C=CC=C3)=O,C1(S[H])CCCCC1,C=1(C(NC(C2=CC=CC=C2)=O)SC3CCCCC3)C4=C(C=CC=1)C=CC=C4,COc1ccc(-c2cc(-c3ccc(OC)cc3)cc(-c3cc4ccccc4c4c3OP(=O)(O)Oc3c(-c5cc(-c6ccc(OC)cc6)cc(-c6ccc(OC)cc6)c5)cc5ccccc5c3-4)c2)cc1,0.5
C(C=1C=CC=CC=1)(N=CC=2C3=C(C=CC=2)C=CC=C3)=O,C(S[H])C,C12=C(C(C(NC(C3=CC=CC=C3)=O)SCC)=CC=C1)C=CC=C2,COc1ccc(-c2cc(-c3ccc(OC)cc3)cc(-c3cc4ccccc4c4c3OP(=O)(O)Oc3c(-c5cc(-c6ccc(OC)cc6)cc(-c6ccc(OC)cc6)c5)cc5ccccc5c3-4)c2)cc1,0.94
C(C=1C=CC=CC=1)(N=CC=2C3=C(C=CC=2)C=CC=C3)=O,C1(=CC=C(C=C1)S[H])OC,C12=C(C(C(NC(C3=CC=CC=C3)=O)SC4=CC=C(OC)C=C4)=CC=C1)C=CC=C2,COc1ccc(-c2cc(-c3ccc(OC)cc3)cc(-c3cc4ccccc4c4c3OP(=O)(O)Oc3c(-c5cc(-c6ccc(OC)cc6)cc(-c6ccc(OC)cc6)c5)cc5ccccc5c3-4)c2)cc1,1.45
C=1(C=CC=CC=1)C=NC(C=2C=CC=CC=2)=O,C=1(S[H])C=CC=CC=1,C1(C(NC(C=2C=CC=CC=2)SC=3C=CC=CC=3)=O)=CC=CC=C1,O=P1(O)Oc2c([Si](c3ccccc3)(c3ccccc3)c3ccccc3)cc3c(c2-c2c4c(cc([Si](c5ccccc5)(c5ccccc5)c5ccccc5)c2O1)CCCC4)CCCC3,0.19
C=1(C=CC=CC=1)C=NC(C=2C=CC=CC=2)=O,C1(S[H])CCCCC1,C1(C(SC2CCCCC2)NC(C3=CC=CC=C3)=O)=CC=CC=C1,O=P1(O)Oc2c([Si](c3ccccc3)(c3ccccc3)c3ccccc3)cc3c(c2-c2c4c(cc([Si](c5ccccc5)(c5ccccc5)c5ccccc5)c2O1)CCCC4)CCCC3,0.05
C=1(C=CC=CC=1)C=NC(C=2C=CC=CC=2)=O,C(S[H])C,C1(C(NC(C2=CC=CC=C2)SCC)=O)=CC=CC=C1,O=P1(O)Oc2c([Si](c3ccccc3)(c3ccccc3)c3ccccc3)cc3c(c2-c2c4c(cc([Si](c5ccccc5)(c5ccccc5)c5ccccc5)c2O1)CCCC4)CCCC3,0.05
C=1(C=CC=CC=1)C=NC(C=2C=CC=CC=2)=O,C1(=CC=C(C=C1)S[H])OC,C1(C(NC(C=2C=CC=CC=2)SC=3C=CC(OC)=CC=3)=O)=CC=CC=C1,O=P1(O)Oc2c([Si](c3ccccc3)(c3ccccc3)c3ccccc3)cc3c(c2-c2c4c(cc([Si](c5ccccc5)(c5ccccc5)c5ccccc5)c2O1)CCCC4)CCCC3,0.24
C(C=1C=CC(=CC=1)C=NC(C2=CC=CC=C2)=O)(F)(F)F,C=1(S[H])C=CC=CC=1,C(C=1C=CC(C(SC2=CC=CC=C2)NC(C3=CC=CC=C3)=O)=CC=1)(F)(F)F,O=P1(O)Oc2c([Si](c3ccccc3)(c3ccccc3)c3ccccc3)cc3c(c2-c2c4c(cc([Si](c5ccccc5)(c5ccccc5)c5ccccc5)c2O1)CCCC4)CCCC3,0.14
C(C=1C=CC(=CC=1)C=NC(C2=CC=CC=C2)=O)(F)(F)F,C1(S[H])CCCCC1,C(C1=CC=C(C(NC(C2=CC=CC=C2)=O)SC3CCCCC3)C=C1)(F)(F)F,O=P1(O)Oc2c([Si](c3ccccc3)(c3ccccc3)c3ccccc3)cc3c(c2-c2c4c(cc([Si](c5ccccc5)(c5ccccc5)c5ccccc5)c2O1)CCCC4)CCCC3,0.0
C(C=1C=CC(=CC=1)C=NC(C2=CC=CC=C2)=O)(F)(F)F,C(S[H])C,C(C=1C=CC(C(SCC)NC(C2=CC=CC=C2)=O)=CC=1)(F)(F)F,O=P1(O)Oc2c([Si](c3ccccc3)(c3ccccc3)c3ccccc3)cc3c(c2-c2c4c(cc([Si](c5ccccc5)(c5ccccc5)c5ccccc5)c2O1)CCCC4)CCCC3,0.02
C(C=1C=CC(=CC=1)C=NC(C2=CC=CC=C2)=O)(F)(F)F,C1(=CC=C(C=C1)S[H])OC,C(C1=CC=C(C(NC(C2=CC=CC=C2)=O)SC3=CC=C(C=C3)OC)C=C1)(F)(F)F,O=P1(O)Oc2c([Si](c3ccccc3)(c3ccccc3)c3ccccc3)cc3c(c2-c2c4c(cc([Si](c5ccccc5)(c5ccccc5)c5ccccc5)c2O1)CCCC4)CCCC3,0.12
C1(=CC=C(C=C1)C=NC(C2=CC=CC=C2)=O)OC,C=1(S[H])C=CC=CC=1,C=1(C(SC2=CC=CC=C2)NC(C3=CC=CC=C3)=O)C=CC(=CC=1)OC,O=P1(O)Oc2c([Si](c3ccccc3)(c3ccccc3)c3ccccc3)cc3c(c2-c2c4c(cc([Si](c5ccccc5)(c5ccccc5)c5ccccc5)c2O1)CCCC4)CCCC3,0.24
C1(=CC=C(C=C1)C=NC(C2=CC=CC=C2)=O)OC,C1(S[H])CCCCC1,C1(=CC=C(C(NC(C2=CC=CC=C2)=O)SC3CCCCC3)C=C1)OC,O=P1(O)Oc2c([Si](c3ccccc3)(c3ccccc3)c3ccccc3)cc3c(c2-c2c4c(cc([Si](c5ccccc5)(c5ccccc5)c5ccccc5)c2O1)CCCC4)CCCC3,-0.02
C1(=CC=C(C=C1)C=NC(C2=CC=CC=C2)=O)OC,C(S[H])C,C(C1=CC=CC=C1)(NC(C2=CC=C(OC)C=C2)SCC)=O,O=P1(O)Oc2c([Si](c3ccccc3)(c3ccccc3)c3ccccc3)cc3c(c2-c2c4c(cc([Si](c5ccccc5)(c5ccccc5)c5ccccc5)c2O1)CCCC4)CCCC3,0.0
C1(=CC=C(C=C1)C=NC(C2=CC=CC=C2)=O)OC,C1(=CC=C(C=C1)S[H])OC,C1(=CC=C(C(SC2=CC=C(C=C2)OC)NC(C3=CC=CC=C3)=O)C=C1)OC,O=P1(O)Oc2c([Si](c3ccccc3)(c3ccccc3)c3ccccc3)cc3c(c2-c2c4c(cc([Si](c5ccccc5)(c5ccccc5)c5ccccc5)c2O1)CCCC4)CCCC3,0.19
C(C=1C=CC=CC=1)(N=CC=2C3=C(C=CC=2)C=CC=C3)=O,C=1(S[H])C=CC=CC=1,C12=C(C(C(NC(C3=CC=CC=C3)=O)SC4=CC=CC=C4)=CC=C1)C=CC=C2,O=P1(O)Oc2c([Si](c3ccccc3)(c3ccccc3)c3ccccc3)cc3c(c2-c2c4c(cc([Si](c5ccccc5)(c5ccccc5)c5ccccc5)c2O1)CCCC4)CCCC3,0.19
C(C=1C=CC=CC=1)(N=CC=2C3=C(C=CC=2)C=CC=C3)=O,C1(S[H])CCCCC1,C=1(C(NC(C2=CC=CC=C2)=O)SC3CCCCC3)C4=C(C=CC=1)C=CC=C4,O=P1(O)Oc2c([Si](c3ccccc3)(c3ccccc3)c3ccccc3)cc3c(c2-c2c4c(cc([Si](c5ccccc5)(c5ccccc5)c5ccccc5)c2O1)CCCC4)CCCC3,0.02
C(C=1C=CC=CC=1)(N=CC=2C3=C(C=CC=2)C=CC=C3)=O,C(S[H])C,C12=C(C(C(NC(C3=CC=CC=C3)=O)SCC)=CC=C1)C=CC=C2,O=P1(O)Oc2c([Si](c3ccccc3)(c3ccccc3)c3ccccc3)cc3c(c2-c2c4c(cc([Si](c5ccccc5)(c5ccccc5)c5ccccc5)c2O1)CCCC4)CCCC3,0.05
C(C=1C=CC=CC=1)(N=CC=2C3=C(C=CC=2)C=CC=C3)=O,C1(=CC=C(C=C1)S[H])OC,C12=C(C(C(NC(C3=CC=CC=C3)=O)SC4=CC=C(OC)C=C4)=CC=C1)C=CC=C2,O=P1(O)Oc2c([Si](c3ccccc3)(c3ccccc3)c3ccccc3)cc3c(c2-c2c4c(cc([Si](c5ccccc5)(c5ccccc5)c5ccccc5)c2O1)CCCC4)CCCC3,0.12
